booking_id,user_id,station_id,booking_date,distance_km,available_slots_at_booking,price_paid_per_kwh,charger_type,max_power_kw,total_connections,user_rating,booking_completed,wait_time_minutes
1_0_309097,1,309097,2025-03-31,6.85,1,12.59,superfast,60.0,1,3.6,1,8
1_1_103613,1,103613,2025-04-08,3.54,0,7.98,slow,3.0,1,2.1,0,0
1_2_309294,1,309294,2025-09-03,4.03,0,12.74,fast,30.0,2,2.3,0,0
1_3_309273,1,309273,2025-04-01,4.76,1,10.28,superfast,60.0,1,3.5,1,18
2_0_308803,2,308803,2025-06-01,3.14,0,8.17,fast,22.0,1,1.7,0,0
2_1_309266,2,309266,2025-07-31,5.45,0,12.2,superfast,60.0,1,2.0,0,0
2_2_309097,2,309097,2025-07-19,4.7,1,12.59,superfast,60.0,1,3.0,1,8
2_3_309099,2,309099,2025-07-04,4.84,0,9.46,fast,30.0,1,2.5,0,0
3_0_103746,3,103746,2025-04-05,10.8,1,7.82,slow,3.6,2,3.2,1,40
3_1_308803,3,308803,2025-04-19,7.16,0,8.17,fast,22.0,1,1.7,0,0
3_2_308803,3,308803,2025-05-18,7.16,1,8.17,fast,22.0,1,3.3,1,11
3_3_309272,3,309272,2025-05-10,12.76,2,10.57,fast,30.0,2,4.0,1,19
4_0_303178,4,303178,2025-08-15,6.81,0,6.73,slow,7.0,1,2.4,0,0
4_1_306969,4,306969,2025-05-22,6.75,0,9.64,slow,7.0,1,2.5,0,0
4_2_306969,4,306969,2025-03-16,6.75,0,9.64,slow,7.0,1,1.8,0,0
4_3_307107,4,307107,2025-04-20,10.74,0,8.49,fast,30.0,1,1.4,0,0
5_0_309268,5,309268,2025-05-29,3.08,1,13.15,superfast,90.0,1,3.3,1,10
5_1_309273,5,309273,2025-07-22,1.04,1,10.28,superfast,60.0,1,4.0,1,18
5_2_309269,5,309269,2025-05-25,2.78,1,9.46,fast,30.0,1,3.9,1,38
5_3_309294,5,309294,2025-05-30,1.16,2,12.74,fast,30.0,2,4.3,1,20
6_0_301153,6,301153,2025-04-23,18.73,0,11.06,fast,30.0,1,1.7,0,0
6_1_301154,6,301154,2025-05-30,5.26,0,11.75,superfast,60.0,1,2.3,0,0
6_2_195400,6,195400,2025-03-29,19.34,0,10.84,superfast,50.0,3,1.7,0,0
6_3_301153,6,301153,2025-08-10,18.73,1,11.06,fast,30.0,1,2.4,1,6
7_0_298738,7,298738,2025-04-11,0.56,1,6.4,slow,7.0,1,3.4,1,7
7_1_298738,7,298738,2025-08-25,0.56,0,6.4,slow,7.0,1,2.8,0,0
7_2_298738,7,298738,2025-07-15,0.56,1,6.4,slow,7.0,1,3.4,1,7
7_3_298738,7,298738,2025-08-25,0.56,0,6.4,slow,7.0,1,2.5,0,0
8_0_103616,8,103616,2025-09-05,3.19,1,9.64,slow,3.0,1,3.4,1,13
8_1_309268,8,309268,2025-04-29,6.46,0,13.15,superfast,90.0,1,2.0,0,0
8_2_309271,8,309271,2025-08-26,5.58,3,9.0,fast,30.0,4,4.1,1,35
8_3_309189,8,309189,2025-06-09,1.61,1,11.55,superfast,60.0,2,3.7,1,28
9_0_195399,9,195399,2025-05-11,5.11,1,9.52,fast,25.0,1,3.0,1,29
9_1_195398,9,195398,2025-08-11,1.61,1,11.54,fast,22.0,1,3.5,1,41
9_2_195397,9,195397,2025-03-16,6.79,1,11.01,fast,25.0,1,2.8,1,7
9_3_301545,9,301545,2025-04-07,8.82,0,9.06,fast,30.0,1,1.3,0,0
10_0_311680,10,311680,2025-08-31,8.96,1,10.62,fast,30.0,1,3.2,1,18
10_1_170932,10,170932,2025-05-13,7.97,3,8.92,fast,37.0,3,4.9,1,8
10_2_301385,10,301385,2025-05-19,5.78,0,8.91,fast,30.0,1,2.3,0,0
10_3_301385,10,301385,2025-07-10,5.78,1,8.91,fast,30.0,1,3.6,1,22
12_0_195401,12,195401,2025-04-03,13.37,0,9.46,fast,24.0,1,1.6,0,0
12_1_170932,12,170932,2025-05-06,9.74,2,8.92,fast,37.0,3,3.3,1,8
12_2_311284,12,311284,2025-09-03,14.81,1,12.59,superfast,1000000.0,2,3.7,1,13
12_3_311284,12,311284,2025-08-06,14.81,1,12.59,superfast,1000000.0,2,3.0,1,13
13_0_170932,13,170932,2025-07-10,7.16,1,8.92,fast,37.0,3,3.1,1,8
13_1_311284,13,311284,2025-04-22,6.37,2,12.59,superfast,1000000.0,2,3.4,1,13
13_2_311284,13,311284,2025-08-27,6.37,0,12.59,superfast,1000000.0,2,2.2,0,0
13_3_170932,13,170932,2025-04-04,7.16,2,8.92,fast,37.0,3,4.0,1,8
14_0_300744,14,300744,2025-07-20,10.11,0,10.12,superfast,60.0,1,1.4,0,0
14_1_301545,14,301545,2025-07-22,8.82,0,9.06,fast,30.0,1,1.7,0,0
14_2_195399,14,195399,2025-08-12,5.47,0,9.52,fast,25.0,1,2.0,0,0
14_3_300744,14,300744,2025-07-15,10.11,0,10.12,superfast,60.0,1,1.8,0,0
15_0_309189,15,309189,2025-04-05,17.76,1,11.55,superfast,60.0,2,2.8,1,28
15_1_309295,15,309295,2025-04-26,14.68,1,12.04,fast,30.0,2,2.3,1,28
15_2_103616,15,103616,2025-06-21,15.05,1,9.64,slow,3.0,1,2.7,1,13
15_3_309293,15,309293,2025-09-01,14.55,0,10.39,superfast,60.0,1,1.2,0,0
17_0_309319,17,309319,2025-05-22,0.14,0,10.96,fast,25.0,1,1.5,0,0
17_1_309293,17,309293,2025-03-22,4.12,1,10.39,superfast,60.0,1,3.7,1,25
17_2_308757,17,308757,2025-07-21,0.72,1,11.02,superfast,60.0,1,3.2,1,44
17_3_309272,17,309272,2025-08-19,3.08,2,10.57,fast,30.0,2,3.9,1,19
18_0_309097,18,309097,2025-05-12,2.84,1,12.59,superfast,60.0,1,4.0,1,8
18_1_103606,18,103606,2025-04-19,2.06,1,6.39,slow,3.0,1,4.3,1,29
18_2_309273,18,309273,2025-06-03,2.87,1,10.28,superfast,60.0,1,4.1,1,18
18_3_309295,18,309295,2025-06-15,2.74,1,12.04,fast,30.0,2,3.5,1,28
19_0_298738,19,298738,2025-06-13,10.8,1,6.4,slow,7.0,1,3.5,1,7
19_1_307102,19,307102,2025-03-20,14.07,0,13.58,superfast,120.0,1,1.0,0,0
19_2_92772,19,92772,2025-05-26,9.24,1,9.12,slow,7.0,1,3.4,1,40
19_3_307102,19,307102,2025-04-05,14.07,0,13.58,superfast,120.0,1,1.0,0,0
20_0_309319,20,309319,2025-05-22,11.47,0,10.96,fast,25.0,1,1.5,0,0
20_1_309293,20,309293,2025-06-28,10.16,0,10.39,superfast,60.0,1,1.9,0,0
20_2_309295,20,309295,2025-04-12,9.99,0,12.04,fast,30.0,2,1.0,0,0
20_3_309295,20,309295,2025-03-18,9.99,0,12.04,fast,30.0,2,1.5,0,0
21_0_195339,21,195339,2025-06-08,2.91,1,8.37,slow,3.0,2,3.3,1,19
21_1_306985,21,306985,2025-05-21,1.65,1,7.16,slow,15.0,1,4.1,1,8
21_2_306967,21,306967,2025-08-28,5.22,0,10.62,fast,22.0,1,1.8,0,0
21_3_306937,21,306937,2025-04-21,10.95,1,8.17,fast,25.0,1,3.3,1,29
22_0_308805,22,308805,2025-05-31,5.73,1,12.83,fast,22.0,1,3.0,1,22
22_1_309272,22,309272,2025-07-22,6.44,2,10.57,fast,30.0,2,4.1,1,19
22_2_309189,22,309189,2025-07-29,2.89,0,11.55,superfast,60.0,2,3.1,0,0
22_3_308757,22,308757,2025-04-17,7.41,1,11.02,superfast,60.0,1,3.1,1,44
23_0_311285,23,311285,2025-04-24,16.2,0,9.33,slow,7.2,1,1.8,0,0
23_1_195397,23,195397,2025-07-01,18.86,1,11.01,fast,25.0,1,2.1,1,7
23_2_297901,23,297901,2025-03-26,15.24,0,7.47,slow,2.5,1,2.5,0,0
23_3_301153,23,301153,2025-03-27,29.26,1,11.06,fast,30.0,1,2.0,1,6
24_0_306797,24,306797,2025-08-14,8.02,1,9.86,slow,7.0,1,2.8,1,20
24_1_306983,24,306983,2025-05-14,3.73,0,7.82,slow,15.0,1,3.0,0,0
24_2_307028,24,307028,2025-06-04,8.79,1,12.97,superfast,120.0,1,3.5,1,5
24_3_306950,24,306950,2025-07-15,2.91,1,13.09,superfast,60.0,1,4.2,1,35
26_0_307106,26,307106,2025-04-22,1.75,1,9.52,fast,30.0,1,3.5,1,8
26_1_306982,26,306982,2025-09-04,3.05,1,6.56,slow,15.0,1,2.9,1,22
26_2_303178,26,303178,2025-07-22,2.93,1,6.73,slow,7.0,1,4.3,1,44
26_3_306803,26,306803,2025-06-12,12.45,1,11.42,fast,30.0,1,3.1,1,29
27_0_301385,27,301385,2025-05-29,20.76,0,8.91,fast,30.0,1,1.0,0,0
27_1_300744,27,300744,2025-05-07,24.4,0,10.12,superfast,60.0,1,1.0,0,0
27_2_195401,27,195401,2025-07-30,5.05,1,9.46,fast,24.0,1,3.1,1,32
27_3_301154,27,301154,2025-08-22,11.02,0,11.75,superfast,60.0,1,2.1,0,0
28_0_309319,28,309319,2025-03-21,9.56,1,10.96,fast,25.0,1,2.1,1,12
28_1_308805,28,308805,2025-08-21,6.53,1,12.83,fast,22.0,1,3.4,1,22
28_2_309189,28,309189,2025-05-19,8.55,0,11.55,superfast,60.0,2,1.6,0,0
28_3_309320,28,309320,2025-07-18,11.4,0,10.2,fast,30.0,2,1.1,0,0
29_0_195401,29,195401,2025-06-11,25.02,1,9.46,fast,24.0,1,2.5,1,32
29_1_170932,29,170932,2025-09-06,4.07,2,8.92,fast,37.0,3,3.9,1,8
29_2_195399,29,195399,2025-03-24,2.89,0,9.52,fast,25.0,1,2.3,0,0
29_3_311284,29,311284,2025-06-26,7.3,0,12.59,superfast,1000000.0,2,2.3,0,0
30_0_300745,30,300745,2025-06-15,5.85,1,12.85,fast,30.0,1,3.6,1,25
30_1_301545,30,301545,2025-07-04,2.19,0,9.06,fast,30.0,1,3.0,0,0
30_2_301545,30,301545,2025-08-23,2.19,1,9.06,fast,30.0,1,4.1,1,43
30_3_301545,30,301545,2025-06-16,2.19,0,9.06,fast,30.0,1,2.8,0,0
31_0_307107,31,307107,2025-06-21,11.71,1,8.49,fast,30.0,1,3.2,1,30
31_1_307106,31,307106,2025-07-10,3.86,0,9.52,fast,30.0,1,2.1,0,0
31_2_312046,31,312046,2025-05-09,7.23,0,11.83,superfast,60.0,1,2.7,0,0
31_3_306803,31,306803,2025-08-25,11.79,1,11.42,fast,30.0,1,2.8,1,29
32_0_311680,32,311680,2025-04-13,12.47,1,10.62,fast,30.0,1,3.0,1,18
32_1_311680,32,311680,2025-06-04,12.47,1,10.62,fast,30.0,1,2.7,1,18
32_2_301385,32,301385,2025-09-05,5.43,1,8.91,fast,30.0,1,3.3,1,22
32_3_195397,32,195397,2025-05-11,3.62,0,11.01,fast,25.0,1,2.5,0,0
33_0_306803,33,306803,2025-06-16,12.47,0,11.42,fast,30.0,1,1.5,0,0
33_1_306767,33,306767,2025-06-24,1.07,0,8.45,slow,15.0,1,2.2,0,0
33_2_306982,33,306982,2025-04-15,1.2,1,6.56,slow,15.0,1,4.3,1,22
33_3_306981,33,306981,2025-05-12,4.27,1,7.17,slow,15.0,1,3.0,1,30
35_0_309320,35,309320,2025-07-07,9.3,1,10.2,fast,30.0,2,3.5,1,19
35_1_309271,35,309271,2025-07-22,8.93,3,9.0,fast,30.0,4,3.3,1,35
35_2_173082,35,173082,2025-06-15,11.63,1,11.31,fast,22.0,1,2.8,1,5
35_3_309320,35,309320,2025-05-02,9.3,1,10.2,fast,30.0,2,2.9,1,19
38_0_307035,38,307035,2025-04-12,10.68,0,11.02,superfast,60.0,1,1.7,0,0
38_1_307028,38,307028,2025-04-24,5.73,1,12.97,superfast,120.0,1,3.2,1,5
38_2_306968,38,306968,2025-08-21,9.39,1,6.8,slow,7.0,1,3.4,1,18
38_3_306797,38,306797,2025-03-22,4.09,0,9.86,slow,7.0,1,1.8,0,0
39_0_309272,39,309272,2025-06-28,9.57,2,10.57,fast,30.0,2,3.4,1,19
39_1_308806,39,308806,2025-09-05,8.07,1,11.42,fast,24.0,1,3.8,1,33
39_2_309294,39,309294,2025-03-25,8.4,1,12.74,fast,30.0,2,3.1,1,20
39_3_103614,39,103614,2025-08-18,10.73,0,6.56,slow,3.0,1,1.1,0,0
40_0_190068,40,190068,2025-04-12,11.04,1,7.78,slow,7.0,1,2.4,1,28
40_1_190068,40,190068,2025-07-16,11.04,1,7.78,slow,7.0,1,2.8,1,28
40_2_298738,40,298738,2025-04-26,11.14,0,6.4,slow,7.0,1,1.0,0,0
40_3_298738,40,298738,2025-06-29,11.14,0,6.4,slow,7.0,1,2.4,0,0
41_0_195339,41,195339,2025-07-10,9.52,1,8.37,slow,3.0,2,2.7,1,19
41_1_306801,41,306801,2025-06-01,4.16,1,11.04,fast,30.0,1,3.4,1,18
41_2_307033,41,307033,2025-08-10,8.11,0,10.39,superfast,60.0,1,1.5,0,0
41_3_306981,41,306981,2025-03-27,2.58,0,7.17,slow,15.0,1,2.4,0,0
43_0_309189,43,309189,2025-03-27,6.03,0,11.55,superfast,60.0,2,1.8,0,0
43_1_308805,43,308805,2025-03-15,2.96,1,12.83,fast,22.0,1,4.0,1,22
43_2_309097,43,309097,2025-05-16,2.82,0,12.59,superfast,60.0,1,2.2,0,0
43_3_309296,43,309296,2025-05-03,2.83,0,11.83,superfast,60.0,2,2.4,0,0
44_0_308804,44,308804,2025-08-23,11.68,1,8.43,slow,7.0,1,3.5,1,27
44_1_309267,44,309267,2025-06-07,10.34,0,11.83,superfast,60.0,1,1.3,0,0
44_2_309294,44,309294,2025-07-28,8.13,1,12.74,fast,30.0,2,2.6,1,20
44_3_103606,44,103606,2025-04-09,7.05,0,6.39,slow,3.0,1,2.8,0,0
45_0_306803,45,306803,2025-07-22,4.24,1,11.42,fast,30.0,1,3.0,1,29
45_1_306983,45,306983,2025-03-15,14.11,1,7.82,slow,15.0,1,3.0,1,14
45_2_306967,45,306967,2025-07-08,11.25,1,10.62,fast,22.0,1,3.1,1,6
45_3_312046,45,312046,2025-06-17,20.59,1,11.83,superfast,60.0,1,2.7,1,28
46_0_306937,46,306937,2025-04-22,13.18,1,8.17,fast,25.0,1,3.2,1,29
46_1_307028,46,307028,2025-06-22,8.76,1,12.97,superfast,120.0,1,3.0,1,5
46_2_306985,46,306985,2025-05-28,4.7,0,7.16,slow,15.0,1,2.9,0,0
46_3_306983,46,306983,2025-04-26,4.59,0,7.82,slow,15.0,1,2.2,0,0
47_0_190068,47,190068,2025-05-17,5.31,1,7.78,slow,7.0,1,3.6,1,28
47_1_190068,47,190068,2025-07-13,5.31,0,7.78,slow,7.0,1,1.9,0,0
47_2_307102,47,307102,2025-07-11,3.25,0,13.58,superfast,120.0,1,2.4,0,0
47_3_307102,47,307102,2025-05-16,3.25,1,13.58,superfast,120.0,1,3.5,1,44
48_0_309270,48,309270,2025-06-20,9.22,1,11.06,fast,24.0,1,2.8,1,22
48_1_309320,48,309320,2025-09-03,6.27,1,10.2,fast,30.0,2,2.2,1,19
48_2_308804,48,308804,2025-07-08,7.09,0,8.43,slow,7.0,1,2.3,0,0
48_3_309099,48,309099,2025-07-14,9.44,0,9.46,fast,30.0,1,1.5,0,0
49_0_309319,49,309319,2025-05-09,16.94,0,10.96,fast,25.0,1,2.1,0,0
49_1_309189,49,309189,2025-05-21,15.89,2,11.55,superfast,60.0,2,3.0,1,28
49_2_309296,49,309296,2025-08-03,13.85,0,11.83,superfast,60.0,2,2.2,0,0
49_3_309266,49,309266,2025-07-08,14.83,0,12.2,superfast,60.0,1,1.0,0,0
50_0_306967,50,306967,2025-06-11,4.73,0,10.62,fast,22.0,1,1.8,0,0
50_1_306803,50,306803,2025-04-27,7.26,1,11.42,fast,30.0,1,3.5,1,29
50_2_307035,50,307035,2025-03-14,2.69,1,11.02,superfast,60.0,1,3.4,1,27
50_3_306983,50,306983,2025-07-08,7.84,0,7.82,slow,15.0,1,1.7,0,0
51_0_92772,51,92772,2025-05-21,10.72,0,9.12,slow,7.0,1,1.6,0,0
51_1_298738,51,298738,2025-06-12,2.67,0,6.4,slow,7.0,1,2.1,0,0
51_2_190068,51,190068,2025-04-02,2.66,0,7.78,slow,7.0,1,2.1,0,0
51_3_298738,51,298738,2025-05-14,2.67,0,6.4,slow,7.0,1,2.6,0,0
52_0_306801,52,306801,2025-07-24,19.75,0,11.04,fast,30.0,1,1.7,0,0
52_1_307035,52,307035,2025-05-22,21.63,1,11.02,superfast,60.0,1,2.3,1,27
52_2_306983,52,306983,2025-08-05,24.14,1,7.82,slow,15.0,1,2.0,1,14
52_3_306968,52,306968,2025-05-15,25.39,1,6.8,slow,7.0,1,2.3,1,18
53_0_309099,53,309099,2025-08-10,9.32,0,9.46,fast,30.0,1,1.0,0,0
53_1_309269,53,309269,2025-04-04,8.39,1,9.46,fast,30.0,1,2.8,1,38
53_2_308805,53,308805,2025-04-23,7.29,0,12.83,fast,22.0,1,2.2,0,0
53_3_309296,53,309296,2025-03-23,7.4,2,11.83,superfast,60.0,2,3.6,1,30
54_0_308806,54,308806,2025-04-03,3.0,1,11.42,fast,24.0,1,4.0,1,33
54_1_309294,54,309294,2025-06-06,3.54,2,12.74,fast,30.0,2,2.9,1,20
54_2_309099,54,309099,2025-03-14,6.23,0,9.46,fast,30.0,1,1.9,0,0
54_3_309270,54,309270,2025-08-12,5.76,0,11.06,fast,24.0,1,1.7,0,0
55_0_306767,55,306767,2025-06-30,9.33,1,8.45,slow,15.0,1,2.7,1,33
55_1_195339,55,195339,2025-07-16,10.91,0,8.37,slow,3.0,2,1.6,0,0
55_2_303178,55,303178,2025-08-21,9.04,0,6.73,slow,7.0,1,2.0,0,0
55_3_306801,55,306801,2025-05-13,7.47,0,11.04,fast,30.0,1,1.7,0,0
56_0_311284,56,311284,2025-05-06,23.81,0,12.59,superfast,1000000.0,2,1.2,0,0
56_1_301153,56,301153,2025-06-06,5.32,0,11.06,fast,30.0,1,2.4,0,0
56_2_195400,56,195400,2025-03-22,10.97,2,10.84,superfast,50.0,3,2.8,1,24
56_3_195399,56,195399,2025-04-03,17.99,0,9.52,fast,25.0,1,1.2,0,0
58_0_301153,58,301153,2025-03-22,9.0,0,11.06,fast,30.0,1,1.4,0,0
58_1_301385,58,301385,2025-07-12,6.25,1,8.91,fast,30.0,1,3.3,1,22
58_2_195397,58,195397,2025-05-02,13.7,1,11.01,fast,25.0,1,2.3,1,7
58_3_311680,58,311680,2025-06-20,0.86,1,10.62,fast,30.0,1,3.8,1,18
59_0_190068,59,190068,2025-07-20,3.86,0,7.78,slow,7.0,1,2.8,0,0
59_1_201254,59,201254,2025-08-18,35.49,1,7.84,slow,3.0,1,1.4,1,26
59_2_298738,59,298738,2025-07-02,3.72,0,6.4,slow,7.0,1,2.6,0,0
59_3_190068,59,190068,2025-07-07,3.86,1,7.78,slow,7.0,1,3.7,1,28
61_0_306951,61,306951,2025-05-14,0.3,0,10.28,superfast,60.0,1,3.0,0,0
61_1_303178,61,303178,2025-04-30,6.58,1,6.73,slow,7.0,1,3.7,1,44
61_2_306804,61,306804,2025-04-23,11.11,1,10.2,fast,30.0,1,2.5,1,33
61_3_306967,61,306967,2025-07-21,4.41,0,10.62,fast,22.0,1,2.1,0,0
62_0_307035,62,307035,2025-07-11,1.53,0,11.02,superfast,60.0,1,1.6,0,0
62_1_307107,62,307107,2025-05-31,4.66,0,8.49,fast,30.0,1,2.1,0,0
62_2_306982,62,306982,2025-07-25,10.83,0,6.56,slow,15.0,1,2.6,0,0
62_3_306986,62,306986,2025-04-26,6.43,0,9.14,slow,15.0,1,1.6,0,0
64_0_306984,64,306984,2025-04-16,5.18,0,7.73,slow,15.0,1,1.5,0,0
64_1_306796,64,306796,2025-07-07,12.13,1,9.23,slow,7.0,1,3.6,1,22
64_2_306981,64,306981,2025-08-25,1.53,0,7.17,slow,15.0,1,2.2,0,0
64_3_306981,64,306981,2025-07-29,1.53,0,7.17,slow,15.0,1,2.2,0,0
65_0_300745,65,300745,2025-06-05,13.05,1,12.85,fast,30.0,1,2.8,1,25
65_1_300745,65,300745,2025-06-18,13.05,1,12.85,fast,30.0,1,3.2,1,25
65_2_301154,65,301154,2025-04-20,12.22,0,11.75,superfast,60.0,1,1.7,0,0
65_3_301153,65,301153,2025-05-02,8.9,1,11.06,fast,30.0,1,3.2,1,6
66_0_103606,66,103606,2025-03-25,2.79,0,6.39,slow,3.0,1,2.4,0,0
66_1_103746,66,103746,2025-04-04,5.88,0,7.82,slow,3.6,2,2.9,0,0
66_2_103606,66,103606,2025-08-25,2.79,0,6.39,slow,3.0,1,2.4,0,0
66_3_103606,66,103606,2025-04-28,2.79,1,6.39,slow,3.0,1,4.5,1,29
67_0_312046,67,312046,2025-06-29,13.77,1,11.83,superfast,60.0,1,2.9,1,28
67_1_306983,67,306983,2025-08-10,6.94,1,7.82,slow,15.0,1,3.1,1,14
67_2_303178,67,303178,2025-07-06,4.06,1,6.73,slow,7.0,1,3.4,1,44
67_3_303178,67,303178,2025-03-13,4.06,1,6.73,slow,7.0,1,2.7,1,44
68_0_309098,68,309098,2025-07-13,5.7,1,14.71,superfast,60.0,1,3.2,1,18
68_1_308803,68,308803,2025-05-26,5.8,0,8.17,fast,22.0,1,2.3,0,0
68_2_308809,68,308809,2025-09-05,8.96,2,8.61,fast,24.0,2,3.2,1,5
68_3_309189,68,309189,2025-08-11,4.95,2,11.55,superfast,60.0,2,3.9,1,28
69_0_103616,69,103616,2025-06-08,8.57,1,9.64,slow,3.0,1,3.8,1,13
69_1_103746,69,103746,2025-08-25,4.86,0,7.82,slow,3.6,2,1.5,0,0
69_2_309189,69,309189,2025-04-11,9.75,2,11.55,superfast,60.0,2,2.9,1,28
69_3_309097,69,309097,2025-08-03,4.27,1,12.59,superfast,60.0,1,3.3,1,8
71_0_309267,71,309267,2025-04-08,5.6,1,11.83,superfast,60.0,1,2.9,1,6
71_1_309099,71,309099,2025-05-31,6.13,0,9.46,fast,30.0,1,2.4,0,0
71_2_309294,71,309294,2025-06-14,7.12,0,12.74,fast,30.0,2,2.9,0,0
71_3_173082,71,173082,2025-05-03,10.31,0,11.31,fast,22.0,1,2.4,0,0
72_0_306801,72,306801,2025-06-25,12.82,0,11.04,fast,30.0,1,1.0,0,0
72_1_307107,72,307107,2025-04-08,4.63,0,8.49,fast,30.0,1,1.8,0,0
72_2_306937,72,306937,2025-08-10,7.43,0,8.17,fast,25.0,1,2.0,0,0
72_3_306801,72,306801,2025-07-19,12.82,1,11.04,fast,30.0,1,3.7,1,18
74_0_103613,74,103613,2025-03-21,10.64,1,7.98,slow,3.0,1,3.3,1,29
74_1_309189,74,309189,2025-04-14,11.14,2,11.55,superfast,60.0,2,3.3,1,28
74_2_309296,74,309296,2025-05-10,8.1,2,11.83,superfast,60.0,2,3.1,1,30
74_3_309097,74,309097,2025-07-10,5.72,0,12.59,superfast,60.0,1,2.3,0,0
75_0_307034,75,307034,2025-04-10,12.73,0,11.55,superfast,60.0,1,1.8,0,0
75_1_306968,75,306968,2025-05-26,15.49,1,6.8,slow,7.0,1,3.5,1,18
75_2_307106,75,307106,2025-03-16,13.32,0,9.52,fast,30.0,1,1.4,0,0
75_3_303178,75,303178,2025-05-18,14.06,0,6.73,slow,7.0,1,2.1,0,0
76_0_308805,76,308805,2025-07-26,11.7,0,12.83,fast,22.0,1,1.7,0,0
76_1_309189,76,309189,2025-04-29,11.39,1,11.55,superfast,60.0,2,3.0,1,28
76_2_309319,76,309319,2025-07-03,8.75,0,10.96,fast,25.0,1,1.7,0,0
76_3_309099,76,309099,2025-06-24,10.65,1,9.46,fast,30.0,1,3.2,1,33
77_0_309097,77,309097,2025-07-26,3.0,1,12.59,superfast,60.0,1,3.6,1,8
77_1_309269,77,309269,2025-05-02,3.96,1,9.46,fast,30.0,1,3.6,1,38
77_2_103613,77,103613,2025-04-16,7.93,1,7.98,slow,3.0,1,2.8,1,29
77_3_103613,77,103613,2025-03-15,7.93,0,7.98,slow,3.0,1,2.2,0,0
78_0_103606,78,103606,2025-06-11,15.44,1,6.39,slow,3.0,1,2.9,1,29
78_1_309273,78,309273,2025-06-04,13.47,0,10.28,superfast,60.0,1,1.5,0,0
78_2_309268,78,309268,2025-08-18,14.52,1,13.15,superfast,90.0,1,2.9,1,10
78_3_309189,78,309189,2025-04-13,16.86,1,11.55,superfast,60.0,2,2.9,1,28
79_0_301545,79,301545,2025-03-13,6.9,0,9.06,fast,30.0,1,1.7,0,0
79_1_301385,79,301385,2025-05-28,6.9,1,8.91,fast,30.0,1,3.0,1,22
79_2_195398,79,195398,2025-07-17,7.15,0,11.54,fast,22.0,1,1.3,0,0
79_3_311284,79,311284,2025-05-20,14.33,0,12.59,superfast,1000000.0,2,1.3,0,0
80_0_306981,80,306981,2025-07-09,9.63,1,7.17,slow,15.0,1,2.5,1,30
80_1_306980,80,306980,2025-08-02,17.68,0,15.69,superfast,60.0,1,1.0,0,0
80_2_306767,80,306767,2025-09-03,10.34,0,8.45,slow,15.0,1,1.8,0,0
80_3_306985,80,306985,2025-08-28,10.48,1,7.16,slow,15.0,1,3.4,1,8
81_0_309098,81,309098,2025-04-08,5.24,0,14.71,superfast,60.0,1,1.9,0,0
81_1_173082,81,173082,2025-07-12,4.63,0,11.31,fast,22.0,1,2.6,0,0
81_2_309268,81,309268,2025-08-29,6.61,1,13.15,superfast,90.0,1,3.5,1,10
81_3_309295,81,309295,2025-03-23,6.26,0,12.04,fast,30.0,2,2.9,0,0
82_0_308803,82,308803,2025-08-23,10.2,0,8.17,fast,22.0,1,2.0,0,0
82_1_173082,82,173082,2025-04-23,0.88,1,11.31,fast,22.0,1,4.1,1,5
82_2_309272,82,309272,2025-06-17,4.67,0,10.57,fast,30.0,2,2.2,0,0
82_3_308757,82,308757,2025-06-28,8.26,0,11.02,superfast,60.0,1,2.2,0,0
83_0_103613,83,103613,2025-08-20,2.87,1,7.98,slow,3.0,1,4.1,1,29
83_1_309320,83,309320,2025-07-07,7.77,0,10.2,fast,30.0,2,1.2,0,0
83_2_308803,83,308803,2025-04-26,9.03,0,8.17,fast,22.0,1,1.5,0,0
83_3_308803,83,308803,2025-07-15,9.03,1,8.17,fast,22.0,1,3.5,1,11
84_0_173082,84,173082,2025-06-27,1.17,0,11.31,fast,22.0,1,2.3,0,0
84_1_309270,84,309270,2025-05-10,4.72,1,11.06,fast,24.0,1,3.7,1,22
84_2_103614,84,103614,2025-04-04,5.02,0,6.56,slow,3.0,1,2.7,0,0
84_3_309098,84,309098,2025-03-25,4.04,1,14.71,superfast,60.0,1,2.5,1,18
85_0_309294,85,309294,2025-07-07,6.57,0,12.74,fast,30.0,2,1.9,0,0
85_1_309189,85,309189,2025-06-23,6.97,0,11.55,superfast,60.0,2,2.3,0,0
85_2_308806,85,308806,2025-06-06,6.44,0,11.42,fast,24.0,1,3.0,0,0
85_3_308805,85,308805,2025-04-28,6.68,0,12.83,fast,22.0,1,2.9,0,0
86_0_307033,86,307033,2025-03-21,6.27,1,10.39,superfast,60.0,1,3.2,1,44
86_1_306983,86,306983,2025-03-27,11.15,0,7.82,slow,15.0,1,1.3,0,0
86_2_307035,86,307035,2025-08-21,2.96,1,11.02,superfast,60.0,1,4.1,1,27
86_3_307106,86,307106,2025-03-17,9.43,1,9.52,fast,30.0,1,2.8,1,8
87_0_309269,87,309269,2025-05-19,3.56,0,9.46,fast,30.0,1,2.5,0,0
87_1_309295,87,309295,2025-04-15,1.58,1,12.04,fast,30.0,2,4.4,1,28
87_2_173082,87,173082,2025-06-03,3.52,1,11.31,fast,22.0,1,4.0,1,5
87_3_103614,87,103614,2025-06-05,3.66,0,6.56,slow,3.0,1,2.4,0,0
88_0_195397,88,195397,2025-06-18,12.96,1,11.01,fast,25.0,1,3.1,1,7
88_1_170932,88,170932,2025-05-22,2.49,2,8.92,fast,37.0,3,3.5,1,8
88_2_300744,88,300744,2025-05-02,15.94,1,10.12,superfast,60.0,1,3.1,1,11
88_3_195401,88,195401,2025-05-19,21.51,0,9.46,fast,24.0,1,1.0,0,0
89_0_306796,89,306796,2025-06-24,6.8,1,9.23,slow,7.0,1,3.0,1,22
89_1_306986,89,306986,2025-04-24,3.4,1,9.14,slow,15.0,1,2.9,1,40
89_2_307028,89,307028,2025-08-26,6.21,0,12.97,superfast,120.0,1,1.5,0,0
89_3_307106,89,307106,2025-05-27,4.4,0,9.52,fast,30.0,1,2.2,0,0
90_0_170932,90,170932,2025-03-31,7.03,1,8.92,fast,37.0,3,3.6,1,8
90_1_195400,90,195400,2025-04-26,20.64,1,10.84,superfast,50.0,3,2.8,1,24
90_2_195397,90,195397,2025-03-26,9.55,0,11.01,fast,25.0,1,1.5,0,0
90_3_311680,90,311680,2025-05-15,9.66,0,10.62,fast,30.0,1,2.0,0,0
91_0_103746,91,103746,2025-04-11,6.1,2,7.82,slow,3.6,2,4.0,1,40
91_1_308805,91,308805,2025-08-10,7.6,1,12.83,fast,22.0,1,4.0,1,22
91_2_309294,91,309294,2025-08-01,7.35,2,12.74,fast,30.0,2,2.8,1,20
91_3_308803,91,308803,2025-03-27,6.43,1,8.17,fast,22.0,1,3.3,1,11
92_0_308804,92,308804,2025-07-11,17.16,1,8.43,slow,7.0,1,2.0,1,27
92_1_309273,92,309273,2025-06-16,13.16,1,10.28,superfast,60.0,1,3.0,1,18
92_2_103746,92,103746,2025-05-26,15.91,2,7.82,slow,3.6,2,3.5,1,40
92_3_173082,92,173082,2025-05-16,10.88,1,11.31,fast,22.0,1,3.1,1,5
93_0_306985,93,306985,2025-04-05,2.06,0,7.16,slow,15.0,1,2.8,0,0
93_1_306767,93,306767,2025-05-11,1.81,1,8.45,slow,15.0,1,3.4,1,33
93_2_306983,93,306983,2025-08-04,1.58,0,7.82,slow,15.0,1,2.4,0,0
93_3_306801,93,306801,2025-08-12,9.17,1,11.04,fast,30.0,1,2.1,1,18
94_0_301154,94,301154,2025-08-28,4.26,0,11.75,superfast,60.0,1,1.6,0,0
94_1_170932,94,170932,2025-06-04,10.93,1,8.92,fast,37.0,3,3.5,1,8
94_2_195401,94,195401,2025-04-28,14.12,0,9.46,fast,24.0,1,1.2,0,0
94_3_170932,94,170932,2025-07-03,10.93,1,8.92,fast,37.0,3,2.7,1,8
95_0_195400,95,195400,2025-04-11,29.79,0,10.84,superfast,50.0,3,1.0,0,0
95_1_300744,95,300744,2025-05-14,7.61,1,10.12,superfast,60.0,1,3.4,1,11
95_2_195399,95,195399,2025-05-20,20.53,1,9.52,fast,25.0,1,2.4,1,29
95_3_301385,95,301385,2025-05-08,11.33,0,8.91,fast,30.0,1,2.0,0,0
96_0_309271,96,309271,2025-05-23,13.94,3,9.0,fast,30.0,4,3.9,1,35
96_1_103616,96,103616,2025-05-26,17.37,0,9.64,slow,3.0,1,2.0,0,0
96_2_103606,96,103606,2025-07-29,14.91,1,6.39,slow,3.0,1,3.1,1,29
96_3_309097,96,309097,2025-07-08,12.87,1,12.59,superfast,60.0,1,2.8,1,8
97_0_309097,97,309097,2025-07-14,5.46,0,12.59,superfast,60.0,1,2.6,0,0
97_1_309267,97,309267,2025-08-08,5.99,0,11.83,superfast,60.0,1,2.2,0,0
97_2_308804,97,308804,2025-06-23,7.17,0,8.43,slow,7.0,1,2.1,0,0
97_3_309266,97,309266,2025-05-05,5.77,1,12.2,superfast,60.0,1,2.8,1,14
100_0_309319,100,309319,2025-06-05,14.34,0,10.96,fast,25.0,1,1.3,0,0
100_1_309099,100,309099,2025-06-10,15.99,1,9.46,fast,30.0,1,2.6,1,33
100_2_309293,100,309293,2025-08-16,16.41,1,10.39,superfast,60.0,1,3.0,1,25
100_3_309270,100,309270,2025-03-21,15.56,0,11.06,fast,24.0,1,1.6,0,0
101_0_298738,101,298738,2025-08-16,6.65,1,6.4,slow,7.0,1,3.9,1,7
101_1_92772,101,92772,2025-08-21,6.75,0,9.12,slow,7.0,1,2.1,0,0
101_2_190068,101,190068,2025-04-19,6.63,0,7.78,slow,7.0,1,2.3,0,0
101_3_298738,101,298738,2025-03-28,6.65,1,6.4,slow,7.0,1,4.2,1,7
102_0_306985,102,306985,2025-06-27,7.8,0,7.16,slow,15.0,1,3.1,0,0
102_1_307107,102,307107,2025-04-01,6.08,0,8.49,fast,30.0,1,2.2,0,0
102_2_306767,102,306767,2025-07-09,7.94,1,8.45,slow,15.0,1,3.1,1,33
102_3_306986,102,306986,2025-03-29,4.13,1,9.14,slow,15.0,1,3.4,1,40
103_0_103616,103,103616,2025-08-18,4.9,1,9.64,slow,3.0,1,3.5,1,13
103_1_309189,103,309189,2025-08-21,4.61,0,11.55,superfast,60.0,2,1.6,0,0
103_2_309295,103,309295,2025-08-25,2.64,2,12.04,fast,30.0,2,3.8,1,28
103_3_309293,103,309293,2025-03-28,2.52,0,10.39,superfast,60.0,1,2.6,0,0
104_0_306951,104,306951,2025-04-12,6.73,1,10.28,superfast,60.0,1,3.5,1,12
104_1_307106,104,307106,2025-04-08,1.01,0,9.52,fast,30.0,1,2.6,0,0
104_2_306938,104,306938,2025-06-28,1.04,0,7.47,slow,15.0,1,2.5,0,0
104_3_306980,104,306980,2025-07-11,8.56,1,15.69,superfast,60.0,1,3.0,1,25
105_0_309296,105,309296,2025-05-18,11.94,2,11.83,superfast,60.0,2,2.5,1,30
105_1_309270,105,309270,2025-04-16,13.46,1,11.06,fast,24.0,1,2.6,1,22
105_2_309270,105,309270,2025-06-09,13.46,1,11.06,fast,24.0,1,3.5,1,22
105_3_309097,105,309097,2025-04-24,13.52,1,12.59,superfast,60.0,1,2.9,1,8
106_0_201254,106,201254,2025-04-01,8.53,0,7.84,slow,3.0,1,1.9,0,0
106_1_92772,106,92772,2025-05-22,25.23,0,9.12,slow,7.0,1,1.0,0,0
106_2_190068,106,190068,2025-05-05,27.14,0,7.78,slow,7.0,1,1.0,0,0
106_3_190068,106,190068,2025-05-16,27.14,0,7.78,slow,7.0,1,1.0,0,0
107_0_306796,107,306796,2025-03-24,10.44,1,9.23,slow,7.0,1,3.2,1,22
107_1_307035,107,307035,2025-06-05,13.19,1,11.02,superfast,60.0,1,2.7,1,27
107_2_306937,107,306937,2025-05-22,12.12,1,8.17,fast,25.0,1,3.0,1,29
107_3_306983,107,306983,2025-08-23,3.3,1,7.82,slow,15.0,1,3.9,1,14
108_0_307035,108,307035,2025-09-01,2.51,1,11.02,superfast,60.0,1,3.9,1,27
108_1_306804,108,306804,2025-07-26,4.32,0,10.2,fast,30.0,1,2.4,0,0
108_2_307107,108,307107,2025-06-18,4.09,0,8.49,fast,30.0,1,2.2,0,0
108_3_306804,108,306804,2025-08-03,4.32,1,10.2,fast,30.0,1,3.2,1,33
109_0_309270,109,309270,2025-04-10,9.46,1,11.06,fast,24.0,1,2.5,1,22
109_1_308809,109,308809,2025-04-23,5.05,2,8.61,fast,24.0,2,4.4,1,5
109_2_309273,109,309273,2025-08-20,8.57,0,10.28,superfast,60.0,1,1.1,0,0
109_3_309097,109,309097,2025-05-05,9.16,0,12.59,superfast,60.0,1,1.3,0,0
110_0_309273,110,309273,2025-05-14,12.08,1,10.28,superfast,60.0,1,2.9,1,18
110_1_308804,110,308804,2025-06-25,14.1,1,8.43,slow,7.0,1,2.4,1,27
110_2_308806,110,308806,2025-07-11,10.2,1,11.42,fast,24.0,1,3.2,1,33
110_3_103614,110,103614,2025-05-31,12.65,0,6.56,slow,3.0,1,2.7,0,0
112_0_303178,112,303178,2025-04-11,8.2,1,6.73,slow,7.0,1,3.5,1,44
112_1_306937,112,306937,2025-07-27,3.6,1,8.17,fast,25.0,1,3.4,1,29
112_2_307106,112,307106,2025-06-24,9.39,1,9.52,fast,30.0,1,2.0,1,8
112_3_303178,112,303178,2025-06-09,8.2,1,6.73,slow,7.0,1,3.8,1,44
113_0_309267,113,309267,2025-05-22,8.23,0,11.83,superfast,60.0,1,1.5,0,0
113_1_309293,113,309293,2025-06-22,10.56,1,10.39,superfast,60.0,1,3.0,1,25
113_2_309189,113,309189,2025-04-30,11.47,1,11.55,superfast,60.0,2,3.2,1,28
113_3_309266,113,309266,2025-08-31,8.89,0,12.2,superfast,60.0,1,1.1,0,0
114_0_309098,114,309098,2025-03-17,2.81,0,14.71,superfast,60.0,1,2.5,0,0
114_1_309320,114,309320,2025-08-21,2.48,2,10.2,fast,30.0,2,3.8,1,19
114_2_103614,114,103614,2025-05-10,1.6,1,6.56,slow,3.0,1,3.8,1,30
114_3_103746,114,103746,2025-06-23,0.94,0,7.82,slow,3.6,2,2.1,0,0
115_0_195398,115,195398,2025-04-16,5.79,1,11.54,fast,22.0,1,2.1,1,41
115_1_301545,115,301545,2025-03-16,12.59,1,9.06,fast,30.0,1,2.7,1,43
115_2_195399,115,195399,2025-05-24,1.38,0,9.52,fast,25.0,1,2.7,0,0
115_3_300744,115,300744,2025-04-12,14.47,0,10.12,superfast,60.0,1,1.8,0,0
116_0_301545,116,301545,2025-03-27,19.02,1,9.06,fast,30.0,1,3.5,1,43
116_1_195398,116,195398,2025-05-30,24.03,1,11.54,fast,22.0,1,1.8,1,41
116_2_170932,116,170932,2025-08-04,22.57,0,8.92,fast,37.0,3,1.0,0,0
116_3_301385,116,301385,2025-06-26,19.02,0,8.91,fast,30.0,1,1.0,0,0
117_0_306967,117,306967,2025-07-31,2.16,1,10.62,fast,22.0,1,3.9,1,6
117_1_306984,117,306984,2025-08-06,5.13,1,7.73,slow,15.0,1,3.9,1,10
117_2_306967,117,306967,2025-09-02,2.16,1,10.62,fast,22.0,1,4.0,1,6
117_3_306967,117,306967,2025-07-01,2.16,0,10.62,fast,22.0,1,3.3,0,0
118_0_307034,118,307034,2025-06-22,15.96,1,11.55,superfast,60.0,1,2.9,1,13
118_1_306984,118,306984,2025-04-01,2.46,1,7.73,slow,15.0,1,2.6,1,10
118_2_306797,118,306797,2025-06-14,8.96,0,9.86,slow,7.0,1,1.4,0,0
118_3_306986,118,306986,2025-07-09,7.78,1,9.14,slow,15.0,1,3.9,1,40
119_0_311680,119,311680,2025-04-16,7.94,1,10.62,fast,30.0,1,3.7,1,18
119_1_311680,119,311680,2025-09-03,7.94,0,10.62,fast,30.0,1,2.2,0,0
119_2_195397,119,195397,2025-07-19,22.06,1,11.01,fast,25.0,1,2.4,1,7
119_3_311285,119,311285,2025-08-14,17.75,1,9.33,slow,7.2,1,2.5,1,13
120_0_309099,120,309099,2025-04-06,9.17,0,9.46,fast,30.0,1,1.3,0,0
120_1_309296,120,309296,2025-05-17,7.57,1,11.83,superfast,60.0,2,3.7,1,30
120_2_308805,120,308805,2025-04-16,7.86,1,12.83,fast,22.0,1,2.6,1,22
120_3_309098,120,309098,2025-08-13,8.52,1,14.71,superfast,60.0,1,3.5,1,18
121_0_309269,121,309269,2025-07-27,5.18,1,9.46,fast,30.0,1,4.0,1,38
121_1_309295,121,309295,2025-07-22,4.92,0,12.04,fast,30.0,2,1.7,0,0
121_2_309295,121,309295,2025-08-16,4.92,0,12.04,fast,30.0,2,1.9,0,0
121_3_308804,121,308804,2025-07-03,6.06,1,8.43,slow,7.0,1,3.8,1,27
122_0_300745,122,300745,2025-06-23,3.42,1,12.85,fast,30.0,1,2.9,1,25
122_1_301385,122,301385,2025-04-08,2.16,1,8.91,fast,30.0,1,4.6,1,22
122_2_300745,122,300745,2025-04-01,3.42,0,12.85,fast,30.0,1,2.1,0,0
122_3_301385,122,301385,2025-08-14,2.16,0,8.91,fast,30.0,1,2.9,0,0
124_0_309268,124,309268,2025-06-21,3.96,0,13.15,superfast,90.0,1,1.3,0,0
124_1_308803,124,308803,2025-06-23,1.98,1,8.17,fast,22.0,1,4.2,1,11
124_2_309099,124,309099,2025-08-02,3.68,0,9.46,fast,30.0,1,2.1,0,0
124_3_309295,124,309295,2025-05-30,6.42,0,12.04,fast,30.0,2,1.5,0,0
125_0_301385,125,301385,2025-03-18,40.8,1,8.91,fast,30.0,1,2.6,1,22
125_1_301545,125,301545,2025-05-21,40.8,0,9.06,fast,30.0,1,1.5,0,0
125_2_195398,125,195398,2025-04-11,38.42,1,11.54,fast,22.0,1,2.0,1,41
125_3_195397,125,195397,2025-04-20,43.51,1,11.01,fast,25.0,1,1.7,1,7
127_0_306969,127,306969,2025-06-12,0.5,1,9.64,slow,7.0,1,3.8,1,11
127_1_306968,127,306968,2025-08-11,9.8,1,6.8,slow,7.0,1,1.5,1,18
127_2_307107,127,307107,2025-05-07,8.03,1,8.49,fast,30.0,1,2.4,1,30
127_3_306983,127,306983,2025-08-06,14.08,1,7.82,slow,15.0,1,3.3,1,14
128_0_308803,128,308803,2025-08-03,2.16,0,8.17,fast,22.0,1,2.2,0,0
128_1_308757,128,308757,2025-08-16,4.72,1,11.02,superfast,60.0,1,3.3,1,44
128_2_309293,128,309293,2025-06-10,8.27,1,10.39,superfast,60.0,1,2.9,1,25
128_3_309097,128,309097,2025-06-24,5.55,0,12.59,superfast,60.0,1,1.8,0,0
129_0_173082,129,173082,2025-06-11,15.62,0,11.31,fast,22.0,1,2.1,0,0
129_1_173082,129,173082,2025-07-23,15.62,0,11.31,fast,22.0,1,1.7,0,0
129_2_308809,129,308809,2025-07-11,18.01,0,8.61,fast,24.0,2,1.2,0,0
129_3_103606,129,103606,2025-06-29,12.08,1,6.39,slow,3.0,1,2.6,1,29
130_0_300744,130,300744,2025-03-12,4.52,0,10.12,superfast,60.0,1,1.6,0,0
130_1_301385,130,301385,2025-05-21,6.6,1,8.91,fast,30.0,1,3.4,1,22
130_2_195399,130,195399,2025-09-03,13.17,0,9.52,fast,25.0,1,2.2,0,0
130_3_301385,130,301385,2025-04-19,6.6,0,8.91,fast,30.0,1,2.0,0,0
131_0_303178,131,303178,2025-06-13,4.93,1,6.73,slow,7.0,1,4.1,1,44
131_1_306804,131,306804,2025-07-27,9.13,1,10.2,fast,30.0,1,2.4,1,33
131_2_306984,131,306984,2025-08-12,6.84,0,7.73,slow,15.0,1,2.4,0,0
131_3_306967,131,306967,2025-07-30,3.59,0,10.62,fast,22.0,1,2.9,0,0
133_0_301385,133,301385,2025-08-27,6.66,1,8.91,fast,30.0,1,3.5,1,22
133_1_301545,133,301545,2025-08-19,6.66,1,9.06,fast,30.0,1,3.2,1,43
133_2_311285,133,311285,2025-05-14,7.57,1,9.33,slow,7.2,1,2.9,1,13
133_3_297901,133,297901,2025-06-27,32.44,0,7.47,slow,2.5,1,1.5,0,0
134_0_306985,134,306985,2025-03-16,8.64,1,7.16,slow,15.0,1,2.5,1,8
134_1_306969,134,306969,2025-03-26,5.23,1,9.64,slow,7.0,1,3.8,1,11
134_2_306796,134,306796,2025-05-09,12.86,0,9.23,slow,7.0,1,1.8,0,0
134_3_306968,134,306968,2025-05-12,5.8,1,6.8,slow,7.0,1,3.7,1,18
135_0_309272,135,309272,2025-07-20,4.14,2,10.57,fast,30.0,2,2.8,1,19
135_1_309189,135,309189,2025-03-18,6.8,2,11.55,superfast,60.0,2,3.0,1,28
135_2_309098,135,309098,2025-05-19,3.9,0,14.71,superfast,60.0,1,1.8,0,0
135_3_309271,135,309271,2025-03-27,4.23,2,9.0,fast,30.0,4,3.4,1,35
136_0_307033,136,307033,2025-08-21,8.37,0,10.39,superfast,60.0,1,1.0,0,0
136_1_306986,136,306986,2025-06-20,3.18,1,9.14,slow,15.0,1,3.0,1,40
136_2_306798,136,306798,2025-03-12,12.25,1,8.61,fast,22.0,1,3.4,1,19
136_3_306968,136,306968,2025-03-25,1.87,1,6.8,slow,7.0,1,3.4,1,18
137_0_306797,137,306797,2025-08-31,8.94,1,9.86,slow,7.0,1,2.7,1,20
137_1_306984,137,306984,2025-04-25,1.1,1,7.73,slow,15.0,1,4.2,1,10
137_2_306986,137,306986,2025-07-17,6.25,0,9.14,slow,15.0,1,1.9,0,0
137_3_306984,137,306984,2025-04-15,1.1,1,7.73,slow,15.0,1,3.9,1,10
138_0_306985,138,306985,2025-09-03,4.17,0,7.16,slow,15.0,1,2.0,0,0
138_1_307106,138,307106,2025-08-30,2.97,0,9.52,fast,30.0,1,2.3,0,0
138_2_306767,138,306767,2025-08-02,4.36,1,8.45,slow,15.0,1,4.1,1,33
138_3_195339,138,195339,2025-05-09,6.95,1,8.37,slow,3.0,2,3.4,1,19
139_0_309270,139,309270,2025-04-03,3.34,1,11.06,fast,24.0,1,3.7,1,22
139_1_309271,139,309271,2025-03-26,4.01,0,9.0,fast,30.0,4,2.1,0,0
139_2_308804,139,308804,2025-03-17,1.42,1,8.43,slow,7.0,1,3.9,1,27
139_3_103614,139,103614,2025-08-16,3.05,0,6.56,slow,3.0,1,1.0,0,0
140_0_306804,140,306804,2025-08-26,7.53,1,10.2,fast,30.0,1,2.7,1,33
140_1_306981,140,306981,2025-09-06,8.28,0,7.17,slow,15.0,1,1.1,0,0
140_2_306969,140,306969,2025-06-12,1.61,1,9.64,slow,7.0,1,4.0,1,11
140_3_307106,140,307106,2025-06-13,10.38,0,9.52,fast,30.0,1,1.2,0,0
141_0_306951,141,306951,2025-06-04,12.4,1,10.28,superfast,60.0,1,2.9,1,12
141_1_195339,141,195339,2025-08-26,4.83,1,8.37,slow,3.0,2,3.5,1,19
141_2_307033,141,307033,2025-03-24,11.98,0,10.39,superfast,60.0,1,1.6,0,0
141_3_306983,141,306983,2025-09-05,6.64,1,7.82,slow,15.0,1,2.7,1,14
143_0_309267,143,309267,2025-03-19,0.79,1,11.83,superfast,60.0,1,3.7,1,6
143_1_309272,143,309272,2025-03-25,1.98,0,10.57,fast,30.0,2,2.6,0,0
143_2_103613,143,103613,2025-05-22,4.36,0,7.98,slow,3.0,1,1.9,0,0
143_3_309270,143,309270,2025-05-17,1.06,1,11.06,fast,24.0,1,3.3,1,22
144_0_311680,144,311680,2025-08-16,12.89,1,10.62,fast,30.0,1,3.0,1,18
144_1_311680,144,311680,2025-06-14,12.89,0,10.62,fast,30.0,1,1.9,0,0
144_2_300744,144,300744,2025-06-04,5.57,1,10.12,superfast,60.0,1,3.2,1,11
144_3_195397,144,195397,2025-03-14,2.36,0,11.01,fast,25.0,1,2.0,0,0
145_0_195397,145,195397,2025-04-10,4.33,1,11.01,fast,25.0,1,3.5,1,7
145_1_300744,145,300744,2025-06-25,9.82,0,10.12,superfast,60.0,1,1.7,0,0
145_2_170932,145,170932,2025-08-23,7.44,2,8.92,fast,37.0,3,3.0,1,8
145_3_195398,145,195398,2025-06-07,2.8,0,11.54,fast,22.0,1,2.4,0,0
146_0_309271,146,309271,2025-09-01,3.91,3,9.0,fast,30.0,4,4.2,1,35
146_1_309273,146,309273,2025-04-24,3.71,1,10.28,superfast,60.0,1,2.3,1,18
146_2_308809,146,308809,2025-06-15,1.1,2,8.61,fast,24.0,2,3.7,1,5
146_3_309097,146,309097,2025-06-12,3.44,1,12.59,superfast,60.0,1,3.3,1,8
147_0_308757,147,308757,2025-08-29,2.22,1,11.02,superfast,60.0,1,3.6,1,44
147_1_308803,147,308803,2025-06-28,2.02,1,8.17,fast,22.0,1,3.7,1,11
147_2_309320,147,309320,2025-08-16,1.87,0,10.2,fast,30.0,2,2.3,0,0
147_3_103616,147,103616,2025-05-20,7.97,1,9.64,slow,3.0,1,3.4,1,13
148_0_306981,148,306981,2025-07-19,10.15,1,7.17,slow,15.0,1,3.6,1,30
148_1_306985,148,306985,2025-08-15,9.26,0,7.16,slow,15.0,1,2.4,0,0
148_2_306797,148,306797,2025-03-20,5.78,0,9.86,slow,7.0,1,1.9,0,0
148_3_306951,148,306951,2025-04-14,5.23,0,10.28,superfast,60.0,1,1.6,0,0
149_0_303178,149,303178,2025-06-07,7.0,0,6.73,slow,7.0,1,2.5,0,0
149_1_306986,149,306986,2025-07-01,6.24,1,9.14,slow,15.0,1,3.0,1,40
149_2_307034,149,307034,2025-07-02,14.29,1,11.55,superfast,60.0,1,3.4,1,13
149_3_306938,149,306938,2025-06-05,5.43,0,7.47,slow,15.0,1,2.3,0,0
150_0_309269,150,309269,2025-08-13,3.74,1,9.46,fast,30.0,1,3.7,1,38
150_1_308805,150,308805,2025-07-24,5.9,1,12.83,fast,22.0,1,3.1,1,22
150_2_103746,150,103746,2025-06-23,2.64,2,7.82,slow,3.6,2,5.0,1,40
150_3_309294,150,309294,2025-04-13,5.85,2,12.74,fast,30.0,2,3.3,1,20
151_0_309098,151,309098,2025-08-12,4.93,1,14.71,superfast,60.0,1,3.6,1,18
151_1_308806,151,308806,2025-04-09,6.73,1,11.42,fast,24.0,1,3.2,1,33
151_2_309320,151,309320,2025-06-17,0.71,2,10.2,fast,30.0,2,4.4,1,19
151_3_309271,151,309271,2025-08-10,5.09,2,9.0,fast,30.0,4,3.1,1,35
152_0_307106,152,307106,2025-05-04,3.25,0,9.52,fast,30.0,1,1.8,0,0
152_1_306951,152,306951,2025-05-04,7.67,0,10.28,superfast,60.0,1,2.8,0,0
152_2_306968,152,306968,2025-04-10,8.19,1,6.8,slow,7.0,1,3.8,1,18
152_3_307034,152,307034,2025-06-27,14.53,1,11.55,superfast,60.0,1,3.1,1,13
154_0_308806,154,308806,2025-06-14,8.43,1,11.42,fast,24.0,1,2.6,1,33
154_1_309295,154,309295,2025-03-20,7.37,2,12.04,fast,30.0,2,3.2,1,28
154_2_309319,154,309319,2025-04-02,6.19,0,10.96,fast,25.0,1,2.6,0,0
154_3_309270,154,309270,2025-07-12,6.03,0,11.06,fast,24.0,1,2.7,0,0
155_0_309293,155,309293,2025-07-24,6.21,1,10.39,superfast,60.0,1,3.8,1,25
155_1_309267,155,309267,2025-03-21,7.16,0,11.83,superfast,60.0,1,1.7,0,0
155_2_309320,155,309320,2025-06-15,10.21,2,10.2,fast,30.0,2,3.4,1,19
155_3_309294,155,309294,2025-08-07,6.24,0,12.74,fast,30.0,2,1.8,0,0
156_0_195399,156,195399,2025-05-18,11.42,0,9.52,fast,25.0,1,1.1,0,0
156_1_300744,156,300744,2025-05-13,5.66,1,10.12,superfast,60.0,1,3.3,1,11
156_2_301385,156,301385,2025-03-22,6.76,1,8.91,fast,30.0,1,2.6,1,22
156_3_195399,156,195399,2025-03-18,11.42,0,9.52,fast,25.0,1,1.5,0,0
157_0_195399,157,195399,2025-03-23,5.25,0,9.52,fast,25.0,1,2.0,0,0
157_1_195398,157,195398,2025-04-14,10.7,1,11.54,fast,22.0,1,2.3,1,41
157_2_195399,157,195399,2025-05-05,5.25,1,9.52,fast,25.0,1,3.7,1,29
157_3_300745,157,300745,2025-03-18,19.61,0,12.85,fast,30.0,1,1.5,0,0
158_0_103613,158,103613,2025-06-10,1.92,1,7.98,slow,3.0,1,4.3,1,29
158_1_309319,158,309319,2025-08-22,5.19,1,10.96,fast,25.0,1,3.5,1,12
158_2_103616,158,103616,2025-05-01,5.39,1,9.64,slow,3.0,1,3.1,1,13
158_3_309269,158,309269,2025-04-14,4.64,1,9.46,fast,30.0,1,3.2,1,38
159_0_306938,159,306938,2025-07-24,2.51,1,7.47,slow,15.0,1,4.0,1,38
159_1_312046,159,312046,2025-07-30,8.78,0,11.83,superfast,60.0,1,1.6,0,0
159_2_306984,159,306984,2025-08-08,2.32,0,7.73,slow,15.0,1,2.7,0,0
159_3_306981,159,306981,2025-06-26,3.23,0,7.17,slow,15.0,1,2.1,0,0
160_0_309267,160,309267,2025-03-23,8.69,0,11.83,superfast,60.0,1,1.1,0,0
160_1_103746,160,103746,2025-04-17,9.43,2,7.82,slow,3.6,2,2.6,1,40
160_2_309294,160,309294,2025-06-30,7.38,2,12.74,fast,30.0,2,4.1,1,20
160_3_308803,160,308803,2025-06-06,12.35,0,8.17,fast,22.0,1,1.7,0,0
161_0_303178,161,303178,2025-05-21,15.91,1,6.73,slow,7.0,1,2.6,1,44
161_1_306797,161,306797,2025-05-20,13.98,1,9.86,slow,7.0,1,2.7,1,20
161_2_307028,161,307028,2025-05-13,8.43,0,12.97,superfast,120.0,1,1.3,0,0
161_3_307028,161,307028,2025-05-10,8.43,0,12.97,superfast,120.0,1,1.4,0,0
163_0_306801,163,306801,2025-06-25,11.91,1,11.04,fast,30.0,1,3.1,1,18
163_1_306982,163,306982,2025-07-13,4.06,1,6.56,slow,15.0,1,4.1,1,22
163_2_306985,163,306985,2025-07-29,3.93,1,7.16,slow,15.0,1,4.0,1,8
163_3_306982,163,306982,2025-03-12,4.06,0,6.56,slow,15.0,1,2.6,0,0
164_0_308806,164,308806,2025-06-10,6.12,0,11.42,fast,24.0,1,2.0,0,0
164_1_309099,164,309099,2025-04-30,3.14,0,9.46,fast,30.0,1,2.2,0,0
164_2_309296,164,309296,2025-05-27,5.76,1,11.83,superfast,60.0,2,3.0,1,30
164_3_309270,164,309270,2025-06-24,3.37,1,11.06,fast,24.0,1,3.9,1,22
165_0_103746,165,103746,2025-06-30,3.73,2,7.82,slow,3.6,2,4.3,1,40
165_1_308809,165,308809,2025-05-25,1.49,2,8.61,fast,24.0,2,4.0,1,5
165_2_103606,165,103606,2025-08-03,5.08,0,6.39,slow,3.0,1,2.7,0,0
165_3_308805,165,308805,2025-08-08,3.87,0,12.83,fast,22.0,1,1.6,0,0
166_0_306796,166,306796,2025-04-16,8.76,0,9.23,slow,7.0,1,1.8,0,0
166_1_307106,166,307106,2025-06-19,4.58,1,9.52,fast,30.0,1,3.1,1,8
166_2_306968,166,306968,2025-08-21,6.77,0,6.8,slow,7.0,1,2.2,0,0
166_3_307028,166,307028,2025-04-14,7.19,0,12.97,superfast,120.0,1,2.4,0,0
167_0_103613,167,103613,2025-05-04,8.33,0,7.98,slow,3.0,1,1.6,0,0
167_1_309266,167,309266,2025-05-03,6.0,0,12.2,superfast,60.0,1,1.8,0,0
167_2_309271,167,309271,2025-08-10,5.83,2,9.0,fast,30.0,4,3.2,1,35
167_3_309296,167,309296,2025-05-27,5.4,1,11.83,superfast,60.0,2,3.3,1,30
168_0_195401,168,195401,2025-03-12,22.36,1,9.46,fast,24.0,1,2.5,1,32
168_1_311284,168,311284,2025-05-21,21.53,0,12.59,superfast,1000000.0,2,1.0,0,0
168_2_170932,168,170932,2025-07-13,12.84,1,8.92,fast,37.0,3,3.0,1,8
168_3_300744,168,300744,2025-05-26,6.15,0,10.12,superfast,60.0,1,1.9,0,0
169_0_311680,169,311680,2025-03-19,11.4,0,10.62,fast,30.0,1,1.6,0,0
169_1_170932,169,170932,2025-03-13,5.31,2,8.92,fast,37.0,3,3.4,1,8
169_2_311680,169,311680,2025-05-03,11.4,0,10.62,fast,30.0,1,2.0,0,0
169_3_301154,169,301154,2025-05-14,12.62,0,11.75,superfast,60.0,1,1.4,0,0
170_0_92772,170,92772,2025-05-14,6.1,1,9.12,slow,7.0,1,3.8,1,40
170_1_307102,170,307102,2025-08-21,4.43,1,13.58,superfast,120.0,1,3.7,1,44
170_2_190068,170,190068,2025-04-09,4.56,1,7.78,slow,7.0,1,3.7,1,28
170_3_92772,170,92772,2025-06-29,6.1,0,9.12,slow,7.0,1,1.9,0,0
171_0_195399,171,195399,2025-08-02,8.17,0,9.52,fast,25.0,1,1.1,0,0
171_1_195401,171,195401,2025-05-25,28.5,1,9.46,fast,24.0,1,1.8,1,32
171_2_311680,171,311680,2025-06-03,16.89,0,10.62,fast,30.0,1,1.7,0,0
171_3_300745,171,300745,2025-06-21,9.9,0,12.85,fast,30.0,1,1.5,0,0
172_0_195397,172,195397,2025-06-17,0.66,1,11.01,fast,25.0,1,3.6,1,7
172_1_195397,172,195397,2025-04-07,0.66,1,11.01,fast,25.0,1,3.8,1,7
172_2_195397,172,195397,2025-06-08,0.66,1,11.01,fast,25.0,1,2.8,1,7
172_3_301154,172,301154,2025-06-05,21.45,0,11.75,superfast,60.0,1,1.0,0,0
173_0_309273,173,309273,2025-08-16,12.04,0,10.28,superfast,60.0,1,1.2,0,0
173_1_309266,173,309266,2025-04-30,10.88,1,12.2,superfast,60.0,1,3.0,1,14
173_2_308804,173,308804,2025-06-05,9.83,1,8.43,slow,7.0,1,3.1,1,27
173_3_309266,173,309266,2025-08-22,10.88,0,12.2,superfast,60.0,1,1.3,0,0
174_0_309268,174,309268,2025-03-21,3.23,0,13.15,superfast,90.0,1,2.1,0,0
174_1_308804,174,308804,2025-08-16,1.02,1,8.43,slow,7.0,1,3.4,1,27
174_2_309270,174,309270,2025-03-25,3.59,0,11.06,fast,24.0,1,2.1,0,0
174_3_308803,174,308803,2025-06-02,2.03,0,8.17,fast,22.0,1,2.4,0,0
176_0_306967,176,306967,2025-09-03,2.71,0,10.62,fast,22.0,1,2.0,0,0
176_1_306951,176,306951,2025-08-10,6.78,1,10.28,superfast,60.0,1,2.7,1,12
176_2_307106,176,307106,2025-06-29,0.59,1,9.52,fast,30.0,1,4.3,1,8
176_3_306982,176,306982,2025-03-20,1.42,0,6.56,slow,15.0,1,2.3,0,0
177_0_307107,177,307107,2025-06-20,8.41,1,8.49,fast,30.0,1,2.7,1,30
177_1_307034,177,307034,2025-04-14,7.28,1,11.55,superfast,60.0,1,3.9,1,13
177_2_195339,177,195339,2025-06-29,9.21,1,8.37,slow,3.0,2,2.9,1,19
177_3_306983,177,306983,2025-05-16,6.6,0,7.82,slow,15.0,1,2.6,0,0
179_0_306981,179,306981,2025-06-21,5.57,0,7.17,slow,15.0,1,2.8,0,0
179_1_306938,179,306938,2025-04-05,10.45,1,7.47,slow,15.0,1,3.1,1,38
179_2_307034,179,307034,2025-05-17,9.26,1,11.55,superfast,60.0,1,2.3,1,13
179_3_306968,179,306968,2025-07-09,4.2,0,6.8,slow,7.0,1,2.6,0,0
180_0_306986,180,306986,2025-08-16,6.86,0,9.14,slow,15.0,1,2.0,0,0
180_1_306983,180,306983,2025-06-01,5.79,0,7.82,slow,15.0,1,2.4,0,0
180_2_306969,180,306969,2025-05-18,12.03,1,9.64,slow,7.0,1,2.4,1,11
180_3_306983,180,306983,2025-05-20,5.79,1,7.82,slow,15.0,1,2.9,1,14
181_0_309270,181,309270,2025-07-13,3.08,0,11.06,fast,24.0,1,2.1,0,0
181_1_309097,181,309097,2025-03-12,3.83,0,12.59,superfast,60.0,1,2.5,0,0
181_2_309266,181,309266,2025-08-22,3.3,1,12.2,superfast,60.0,1,3.0,1,14
181_3_309269,181,309269,2025-07-04,2.85,1,9.46,fast,30.0,1,2.9,1,38
182_0_306937,182,306937,2025-03-20,7.85,0,8.17,fast,25.0,1,1.9,0,0
182_1_306982,182,306982,2025-07-23,4.92,0,6.56,slow,15.0,1,1.6,0,0
182_2_306983,182,306983,2025-06-21,5.32,1,7.82,slow,15.0,1,3.5,1,14
182_3_306984,182,306984,2025-05-05,5.24,0,7.73,slow,15.0,1,1.7,0,0
183_0_301545,183,301545,2025-06-29,7.34,1,9.06,fast,30.0,1,3.6,1,43
183_1_300744,183,300744,2025-07-11,4.31,1,10.12,superfast,60.0,1,3.8,1,11
183_2_311680,183,311680,2025-04-26,9.65,0,10.62,fast,30.0,1,1.2,0,0
183_3_195401,183,195401,2025-06-02,30.84,0,9.46,fast,24.0,1,1.0,0,0
184_0_306980,184,306980,2025-07-14,11.97,1,15.69,superfast,60.0,1,2.9,1,25
184_1_306950,184,306950,2025-05-08,2.36,0,13.09,superfast,60.0,1,2.2,0,0
184_2_306950,184,306950,2025-07-31,2.36,0,13.09,superfast,60.0,1,1.6,0,0
184_3_312046,184,312046,2025-07-02,13.46,0,11.83,superfast,60.0,1,1.0,0,0
185_0_308805,185,308805,2025-06-02,13.52,0,12.83,fast,22.0,1,2.2,0,0
185_1_308809,185,308809,2025-08-07,16.11,1,8.61,fast,24.0,2,2.9,1,5
185_2_103616,185,103616,2025-05-25,15.52,0,9.64,slow,3.0,1,2.3,0,0
185_3_103616,185,103616,2025-08-28,15.52,0,9.64,slow,3.0,1,1.8,0,0
187_0_308809,187,308809,2025-04-02,5.12,0,8.61,fast,24.0,2,1.6,0,0
187_1_103614,187,103614,2025-03-21,7.08,0,6.56,slow,3.0,1,1.9,0,0
187_2_308805,187,308805,2025-07-13,8.47,1,12.83,fast,22.0,1,2.4,1,22
187_3_308809,187,308809,2025-07-05,5.12,1,8.61,fast,24.0,2,3.9,1,5
188_0_308804,188,308804,2025-04-30,6.15,0,8.43,slow,7.0,1,2.5,0,0
188_1_309267,188,309267,2025-06-25,6.17,0,11.83,superfast,60.0,1,1.6,0,0
188_2_308805,188,308805,2025-03-20,5.7,0,12.83,fast,22.0,1,1.7,0,0
188_3_309270,188,309270,2025-05-10,6.04,0,11.06,fast,24.0,1,1.9,0,0
189_0_308043,189,308043,2025-07-12,10.98,1,14.78,superfast,60.0,1,2.2,1,19
189_1_308043,189,308043,2025-07-01,10.98,0,14.78,superfast,60.0,1,1.3,0,0
189_2_308043,189,308043,2025-07-19,10.98,1,14.78,superfast,60.0,1,3.5,1,19
189_3_308043,189,308043,2025-04-14,10.98,0,14.78,superfast,60.0,1,1.8,0,0
190_0_309098,190,309098,2025-06-25,5.58,0,14.71,superfast,60.0,1,2.1,0,0
190_1_309098,190,309098,2025-07-24,5.58,1,14.71,superfast,60.0,1,3.5,1,18
190_2_309269,190,309269,2025-08-24,6.68,0,9.46,fast,30.0,1,3.3,0,0
190_3_308805,190,308805,2025-05-22,5.9,0,12.83,fast,22.0,1,2.0,0,0
191_0_306968,191,306968,2025-04-05,6.84,0,6.8,slow,7.0,1,2.7,0,0
191_1_306967,191,306967,2025-08-12,11.6,0,10.62,fast,22.0,1,1.4,0,0
191_2_306803,191,306803,2025-03-17,1.36,1,11.42,fast,30.0,1,4.2,1,29
191_3_306982,191,306982,2025-07-27,12.98,0,6.56,slow,15.0,1,2.2,0,0
193_0_309294,193,309294,2025-03-30,8.82,0,12.74,fast,30.0,2,2.1,0,0
193_1_308809,193,308809,2025-04-06,6.0,2,8.61,fast,24.0,2,3.1,1,5
193_2_173082,193,173082,2025-05-30,9.49,0,11.31,fast,22.0,1,1.0,0,0
193_3_309293,193,309293,2025-04-08,8.69,0,10.39,superfast,60.0,1,2.1,0,0
194_0_298738,194,298738,2025-05-01,13.31,0,6.4,slow,7.0,1,2.0,0,0
194_1_190068,194,190068,2025-04-26,13.38,1,7.78,slow,7.0,1,2.1,1,28
194_2_190068,194,190068,2025-06-28,13.38,0,7.78,slow,7.0,1,1.4,0,0
194_3_190068,194,190068,2025-03-30,13.38,1,7.78,slow,7.0,1,2.7,1,28
195_0_309268,195,309268,2025-07-06,7.43,0,13.15,superfast,90.0,1,1.4,0,0
195_1_308757,195,308757,2025-04-20,9.82,1,11.02,superfast,60.0,1,3.0,1,44
195_2_309294,195,309294,2025-08-25,5.04,1,12.74,fast,30.0,2,3.4,1,20
195_3_309270,195,309270,2025-04-04,7.07,1,11.06,fast,24.0,1,2.7,1,22
196_0_309267,196,309267,2025-07-03,6.43,1,11.83,superfast,60.0,1,3.7,1,6
196_1_309293,196,309293,2025-06-15,7.34,1,10.39,superfast,60.0,1,3.7,1,25
196_2_308806,196,308806,2025-04-29,8.61,0,11.42,fast,24.0,1,1.9,0,0
196_3_173082,196,173082,2025-08-22,7.22,0,11.31,fast,22.0,1,2.5,0,0
197_0_309271,197,309271,2025-04-26,14.1,4,9.0,fast,30.0,4,4.0,1,35
197_1_309294,197,309294,2025-07-18,14.28,2,12.74,fast,30.0,2,3.0,1,20
197_2_309293,197,309293,2025-08-19,14.31,1,10.39,superfast,60.0,1,3.2,1,25
197_3_309097,197,309097,2025-04-25,14.52,0,12.59,superfast,60.0,1,1.3,0,0
198_0_298738,198,298738,2025-04-17,3.12,1,6.4,slow,7.0,1,3.5,1,7
198_1_298738,198,298738,2025-08-29,3.12,0,6.4,slow,7.0,1,2.3,0,0
198_2_92772,198,92772,2025-08-21,6.23,1,9.12,slow,7.0,1,3.3,1,40
198_3_190068,198,190068,2025-06-27,2.98,1,7.78,slow,7.0,1,3.7,1,28
199_0_307107,199,307107,2025-08-03,6.96,0,8.49,fast,30.0,1,2.0,0,0
199_1_306981,199,306981,2025-03-22,6.47,1,7.17,slow,15.0,1,3.6,1,30
199_2_306803,199,306803,2025-04-15,7.07,0,11.42,fast,30.0,1,2.1,0,0
199_3_307033,199,307033,2025-09-03,15.65,1,10.39,superfast,60.0,1,2.0,1,44
200_0_309270,200,309270,2025-05-24,3.43,0,11.06,fast,24.0,1,2.1,0,0
200_1_103606,200,103606,2025-04-30,6.2,1,6.39,slow,3.0,1,3.3,1,29
200_2_308806,200,308806,2025-06-01,6.09,1,11.42,fast,24.0,1,3.5,1,33
200_3_309294,200,309294,2025-05-03,5.03,0,12.74,fast,30.0,2,1.8,0,0
204_0_309272,204,309272,2025-04-21,5.34,0,10.57,fast,30.0,2,2.5,0,0
204_1_309266,204,309266,2025-08-02,5.01,0,12.2,superfast,60.0,1,2.2,0,0
204_2_309272,204,309272,2025-08-24,5.34,1,10.57,fast,30.0,2,3.8,1,19
204_3_309270,204,309270,2025-03-24,5.3,1,11.06,fast,24.0,1,3.5,1,22
205_0_103616,205,103616,2025-04-25,10.91,0,9.64,slow,3.0,1,2.0,0,0
205_1_309268,205,309268,2025-07-25,7.68,1,13.15,superfast,90.0,1,3.0,1,10
205_2_309098,205,309098,2025-05-11,9.0,1,14.71,superfast,60.0,1,2.8,1,18
205_3_103606,205,103606,2025-04-08,8.35,0,6.39,slow,3.0,1,1.4,0,0
206_0_195398,206,195398,2025-04-11,7.76,1,11.54,fast,22.0,1,3.1,1,41
206_1_301545,206,301545,2025-08-05,2.06,0,9.06,fast,30.0,1,2.2,0,0
206_2_311680,206,311680,2025-07-12,7.06,1,10.62,fast,30.0,1,3.1,1,18
206_3_300745,206,300745,2025-05-20,5.76,0,12.85,fast,30.0,1,2.3,0,0
208_0_309320,208,309320,2025-08-06,13.62,1,10.2,fast,30.0,2,2.4,1,19
208_1_309268,208,309268,2025-05-04,10.08,0,13.15,superfast,90.0,1,1.6,0,0
208_2_309270,208,309270,2025-07-05,9.75,0,11.06,fast,24.0,1,2.0,0,0
208_3_103746,208,103746,2025-03-30,10.9,0,7.82,slow,3.6,2,1.4,0,0
209_0_309268,209,309268,2025-08-03,8.91,0,13.15,superfast,90.0,1,1.6,0,0
209_1_309271,209,309271,2025-06-11,7.82,4,9.0,fast,30.0,4,4.8,1,35
209_2_308803,209,308803,2025-07-16,13.32,1,8.17,fast,22.0,1,2.9,1,11
209_3_309294,209,309294,2025-08-25,6.76,0,12.74,fast,30.0,2,2.6,0,0
210_0_103746,210,103746,2025-04-13,2.71,1,7.82,slow,3.6,2,3.3,1,40
210_1_308806,210,308806,2025-07-15,6.24,1,11.42,fast,24.0,1,2.2,1,33
210_2_103746,210,103746,2025-08-14,2.71,1,7.82,slow,3.6,2,3.8,1,40
210_3_308803,210,308803,2025-09-02,2.38,1,8.17,fast,22.0,1,3.5,1,11
211_0_309294,211,309294,2025-08-25,6.35,2,12.74,fast,30.0,2,4.1,1,20
211_1_308805,211,308805,2025-06-23,6.18,1,12.83,fast,22.0,1,3.1,1,22
211_2_309267,211,309267,2025-04-04,8.74,1,11.83,superfast,60.0,1,3.3,1,6
211_3_309099,211,309099,2025-04-25,8.93,1,9.46,fast,30.0,1,2.1,1,33
212_0_306798,212,306798,2025-08-22,12.65,0,8.61,fast,22.0,1,2.1,0,0
212_1_306950,212,306950,2025-04-19,4.5,0,13.09,superfast,60.0,1,2.2,0,0
212_2_306982,212,306982,2025-07-17,8.92,0,6.56,slow,15.0,1,1.1,0,0
212_3_306798,212,306798,2025-05-03,12.65,0,8.61,fast,22.0,1,1.0,0,0
214_0_298738,214,298738,2025-03-31,15.39,0,6.4,slow,7.0,1,1.1,0,0
214_1_298738,214,298738,2025-07-04,15.39,1,6.4,slow,7.0,1,2.6,1,7
214_2_307102,214,307102,2025-08-12,11.98,0,13.58,superfast,120.0,1,1.5,0,0
214_3_190068,214,190068,2025-03-23,15.47,0,7.78,slow,7.0,1,1.4,0,0
215_0_300744,215,300744,2025-04-16,11.49,1,10.12,superfast,60.0,1,2.6,1,11
215_1_170932,215,170932,2025-07-16,2.42,1,8.92,fast,37.0,3,4.4,1,8
215_2_195397,215,195397,2025-04-20,9.64,1,11.01,fast,25.0,1,2.8,1,7
215_3_195398,215,195398,2025-08-26,4.76,0,11.54,fast,22.0,1,2.0,0,0
216_0_306798,216,306798,2025-08-10,14.89,1,8.61,fast,22.0,1,2.7,1,19
216_1_306986,216,306986,2025-07-11,10.1,1,9.14,slow,15.0,1,2.3,1,40
216_2_306967,216,306967,2025-03-25,8.32,1,10.62,fast,22.0,1,2.3,1,6
216_3_195339,216,195339,2025-05-29,3.13,2,8.37,slow,3.0,2,3.7,1,19
217_0_311285,217,311285,2025-05-09,26.91,0,9.33,slow,7.2,1,1.0,0,0
217_1_170932,217,170932,2025-07-18,21.9,1,8.92,fast,37.0,3,2.1,1,8
217_2_301385,217,301385,2025-09-03,30.95,0,8.91,fast,30.0,1,1.3,0,0
217_3_297901,217,297901,2025-06-01,0.7,1,7.47,slow,2.5,1,4.2,1,11
218_0_306980,218,306980,2025-08-29,6.9,0,15.69,superfast,60.0,1,2.2,0,0
218_1_306801,218,306801,2025-05-09,21.15,0,11.04,fast,30.0,1,1.1,0,0
218_2_306981,218,306981,2025-09-03,16.05,0,7.17,slow,15.0,1,1.1,0,0
218_3_312046,218,312046,2025-03-21,8.58,1,11.83,superfast,60.0,1,3.6,1,28
219_0_307106,219,307106,2025-06-30,6.78,1,9.52,fast,30.0,1,2.8,1,8
219_1_306986,219,306986,2025-05-18,3.12,0,9.14,slow,15.0,1,2.0,0,0
219_2_307106,219,307106,2025-03-28,6.78,1,9.52,fast,30.0,1,4.0,1,8
219_3_306950,219,306950,2025-03-14,2.75,0,13.09,superfast,60.0,1,2.9,0,0
220_0_309319,220,309319,2025-04-30,6.73,0,10.96,fast,25.0,1,2.4,0,0
220_1_309268,220,309268,2025-04-01,7.42,0,13.15,superfast,90.0,1,1.9,0,0
220_2_173082,220,173082,2025-07-18,11.51,0,11.31,fast,22.0,1,2.1,0,0
220_3_308806,220,308806,2025-06-19,7.83,0,11.42,fast,24.0,1,2.0,0,0
221_0_308809,221,308809,2025-04-17,11.29,2,8.61,fast,24.0,2,2.4,1,5
221_1_309319,221,309319,2025-03-27,13.19,0,10.96,fast,25.0,1,1.0,0,0
221_2_103606,221,103606,2025-06-13,8.91,1,6.39,slow,3.0,1,2.8,1,29
221_3_309097,221,309097,2025-07-14,11.97,0,12.59,superfast,60.0,1,2.0,0,0
222_0_195399,222,195399,2025-06-04,34.14,1,9.52,fast,25.0,1,2.3,1,29
222_1_301154,222,301154,2025-04-09,24.72,1,11.75,superfast,60.0,1,1.9,1,30
222_2_301385,222,301385,2025-04-11,29.65,0,8.91,fast,30.0,1,1.3,0,0
222_3_301153,222,301153,2025-07-24,15.96,1,11.06,fast,30.0,1,2.8,1,6
224_0_306985,224,306985,2025-03-27,6.06,1,7.16,slow,15.0,1,3.2,1,8
224_1_306804,224,306804,2025-07-14,11.05,1,10.2,fast,30.0,1,2.5,1,33
224_2_306968,224,306968,2025-07-28,5.76,0,6.8,slow,7.0,1,2.0,0,0
224_3_306982,224,306982,2025-05-02,6.23,0,6.56,slow,15.0,1,1.7,0,0
227_0_308804,227,308804,2025-06-07,5.71,0,8.43,slow,7.0,1,1.7,0,0
227_1_309267,227,309267,2025-08-29,4.42,0,11.83,superfast,60.0,1,1.8,0,0
227_2_308806,227,308806,2025-07-07,6.36,0,11.42,fast,24.0,1,2.3,0,0
227_3_309319,227,309319,2025-04-13,5.36,1,10.96,fast,25.0,1,3.2,1,12
228_0_307035,228,307035,2025-04-19,16.15,1,11.02,superfast,60.0,1,3.3,1,27
228_1_307107,228,307107,2025-08-02,14.33,1,8.49,fast,30.0,1,3.6,1,30
228_2_306981,228,306981,2025-06-04,10.35,1,7.17,slow,15.0,1,2.8,1,30
228_3_306951,228,306951,2025-06-07,16.43,0,10.28,superfast,60.0,1,1.5,0,0
230_0_309268,230,309268,2025-05-14,10.58,1,13.15,superfast,90.0,1,3.2,1,10
230_1_309266,230,309266,2025-08-17,10.09,1,12.2,superfast,60.0,1,2.8,1,14
230_2_309098,230,309098,2025-07-12,9.21,0,14.71,superfast,60.0,1,1.7,0,0
230_3_309293,230,309293,2025-03-21,10.36,0,10.39,superfast,60.0,1,2.0,0,0
231_0_309319,231,309319,2025-07-29,9.96,0,10.96,fast,25.0,1,1.2,0,0
231_1_309097,231,309097,2025-03-19,8.5,0,12.59,superfast,60.0,1,2.0,0,0
231_2_308803,231,308803,2025-05-18,13.11,0,8.17,fast,22.0,1,1.0,0,0
231_3_309272,231,309272,2025-06-18,6.95,0,10.57,fast,30.0,2,1.9,0,0
233_0_195400,233,195400,2025-04-25,7.27,1,10.84,superfast,50.0,3,3.2,1,24
233_1_301545,233,301545,2025-07-06,27.38,1,9.06,fast,30.0,1,2.1,1,43
233_2_301153,233,301153,2025-08-21,13.33,0,11.06,fast,30.0,1,2.3,0,0
233_3_170932,233,170932,2025-03-18,31.65,3,8.92,fast,37.0,3,3.8,1,8
235_0_173082,235,173082,2025-04-02,3.37,1,11.31,fast,22.0,1,3.3,1,5
235_1_309098,235,309098,2025-03-21,4.46,0,14.71,superfast,60.0,1,1.9,0,0
235_2_309296,235,309296,2025-08-21,1.68,1,11.83,superfast,60.0,2,3.6,1,30
235_3_309319,235,309319,2025-06-20,5.79,1,10.96,fast,25.0,1,3.5,1,12
236_0_306968,236,306968,2025-08-23,8.01,1,6.8,slow,7.0,1,3.9,1,18
236_1_306801,236,306801,2025-05-21,3.63,1,11.04,fast,30.0,1,3.3,1,18
236_2_306797,236,306797,2025-03-14,9.82,0,9.86,slow,7.0,1,1.0,0,0
236_3_303178,236,303178,2025-05-27,7.34,1,6.73,slow,7.0,1,3.8,1,44
237_0_308804,237,308804,2025-05-18,2.99,1,8.43,slow,7.0,1,3.9,1,27
237_1_308805,237,308805,2025-03-14,5.39,0,12.83,fast,22.0,1,1.8,0,0
237_2_309269,237,309269,2025-06-27,3.51,1,9.46,fast,30.0,1,3.6,1,38
237_3_309271,237,309271,2025-07-31,3.99,2,9.0,fast,30.0,4,3.7,1,35
238_0_311285,238,311285,2025-03-12,5.66,0,9.33,slow,7.2,1,2.3,0,0
238_1_170932,238,170932,2025-03-24,11.62,3,8.92,fast,37.0,3,4.8,1,8
238_2_300745,238,300745,2025-04-04,1.84,1,12.85,fast,30.0,1,3.7,1,25
238_3_300744,238,300744,2025-07-21,1.84,1,10.12,superfast,60.0,1,3.7,1,11
239_0_309266,239,309266,2025-07-14,11.31,1,12.2,superfast,60.0,1,2.7,1,14
239_1_308806,239,308806,2025-06-04,9.16,1,11.42,fast,24.0,1,2.9,1,33
239_2_309189,239,309189,2025-05-22,9.39,1,11.55,superfast,60.0,2,3.4,1,28
239_3_309293,239,309293,2025-05-22,9.47,1,10.39,superfast,60.0,1,3.0,1,25
240_0_311284,240,311284,2025-06-28,12.94,1,12.59,superfast,1000000.0,2,2.8,1,13
240_1_195397,240,195397,2025-07-24,9.09,1,11.01,fast,25.0,1,1.8,1,7
240_2_311285,240,311285,2025-03-29,3.09,1,9.33,slow,7.2,1,3.7,1,13
240_3_301545,240,301545,2025-03-31,7.34,0,9.06,fast,30.0,1,2.2,0,0
241_0_306969,241,306969,2025-06-13,4.2,1,9.64,slow,7.0,1,2.7,1,11
241_1_306981,241,306981,2025-07-03,7.5,1,7.17,slow,15.0,1,3.8,1,30
241_2_306967,241,306967,2025-06-11,6.75,0,10.62,fast,22.0,1,2.4,0,0
241_3_306796,241,306796,2025-04-23,13.54,0,9.23,slow,7.0,1,1.2,0,0
242_0_311284,242,311284,2025-08-17,16.9,1,12.59,superfast,1000000.0,2,2.5,1,13
242_1_195398,242,195398,2025-07-15,27.7,0,11.54,fast,22.0,1,1.1,0,0
242_2_301545,242,301545,2025-05-22,30.41,0,9.06,fast,30.0,1,1.0,0,0
242_3_297901,242,297901,2025-04-05,4.0,1,7.47,slow,2.5,1,3.5,1,11
243_0_170932,243,170932,2025-05-31,14.6,0,8.92,fast,37.0,3,1.0,0,0
243_1_170932,243,170932,2025-08-16,14.6,2,8.92,fast,37.0,3,2.6,1,8
243_2_300744,243,300744,2025-07-02,1.14,0,10.12,superfast,60.0,1,3.0,0,0
243_3_311285,243,311285,2025-07-12,8.37,1,9.33,slow,7.2,1,3.8,1,13
245_0_301545,245,301545,2025-05-02,2.45,0,9.06,fast,30.0,1,3.2,0,0
245_1_300744,245,300744,2025-04-22,1.65,1,10.12,superfast,60.0,1,3.9,1,11
245_2_170932,245,170932,2025-07-02,11.89,3,8.92,fast,37.0,3,3.6,1,8
245_3_300745,245,300745,2025-06-29,1.65,0,12.85,fast,30.0,1,2.3,0,0
246_0_309270,246,309270,2025-08-18,4.9,0,11.06,fast,24.0,1,2.0,0,0
246_1_309294,246,309294,2025-07-30,2.92,0,12.74,fast,30.0,2,2.4,0,0
246_2_308757,246,308757,2025-06-29,7.0,0,11.02,superfast,60.0,1,2.4,0,0
246_3_309271,246,309271,2025-06-15,4.14,0,9.0,fast,30.0,4,1.4,0,0
247_0_301545,247,301545,2025-05-17,3.96,0,9.06,fast,30.0,1,2.6,0,0
247_1_300745,247,300745,2025-05-16,4.25,0,12.85,fast,30.0,1,2.0,0,0
247_2_300744,247,300744,2025-08-20,4.25,1,10.12,superfast,60.0,1,2.5,1,11
247_3_300745,247,300745,2025-05-07,4.25,1,12.85,fast,30.0,1,3.3,1,25
248_0_297901,248,297901,2025-06-12,24.38,0,7.47,slow,2.5,1,1.0,0,0
248_1_301385,248,301385,2025-09-05,6.75,1,8.91,fast,30.0,1,2.9,1,22
248_2_195399,248,195399,2025-07-10,10.1,0,9.52,fast,25.0,1,1.9,0,0
248_3_301154,248,301154,2025-08-14,11.85,0,11.75,superfast,60.0,1,1.6,0,0
249_0_309097,249,309097,2025-07-11,5.58,0,12.59,superfast,60.0,1,1.8,0,0
249_1_309272,249,309272,2025-07-16,4.97,2,10.57,fast,30.0,2,3.5,1,19
249_2_308804,249,308804,2025-07-21,7.92,0,8.43,slow,7.0,1,2.3,0,0
249_3_103613,249,103613,2025-03-12,7.56,0,7.98,slow,3.0,1,2.0,0,0
251_0_307034,251,307034,2025-09-04,7.95,1,11.55,superfast,60.0,1,3.4,1,13
251_1_303178,251,303178,2025-04-05,3.48,0,6.73,slow,7.0,1,2.4,0,0
251_2_306803,251,306803,2025-05-28,7.59,1,11.42,fast,30.0,1,3.6,1,29
251_3_306968,251,306968,2025-08-03,2.36,0,6.8,slow,7.0,1,3.1,0,0
252_0_103746,252,103746,2025-05-01,11.25,0,7.82,slow,3.6,2,1.7,0,0
252_1_309269,252,309269,2025-04-30,10.04,1,9.46,fast,30.0,1,3.6,1,38
252_2_309097,252,309097,2025-06-30,10.59,0,12.59,superfast,60.0,1,1.1,0,0
252_3_309189,252,309189,2025-08-28,7.56,1,11.55,superfast,60.0,2,2.3,1,28
253_0_306981,253,306981,2025-06-14,5.27,0,7.17,slow,15.0,1,2.3,0,0
253_1_307034,253,307034,2025-04-27,10.24,1,11.55,superfast,60.0,1,2.7,1,13
253_2_306803,253,306803,2025-06-09,12.12,1,11.42,fast,30.0,1,2.7,1,29
253_3_306938,253,306938,2025-08-23,4.81,0,7.47,slow,15.0,1,1.9,0,0
254_0_309099,254,309099,2025-04-16,9.12,0,9.46,fast,30.0,1,1.7,0,0
254_1_173082,254,173082,2025-07-14,13.83,0,11.31,fast,22.0,1,1.4,0,0
254_2_309099,254,309099,2025-04-05,9.12,1,9.46,fast,30.0,1,3.9,1,33
254_3_309270,254,309270,2025-04-21,8.99,1,11.06,fast,24.0,1,2.8,1,22
255_0_103746,255,103746,2025-05-13,5.28,2,7.82,slow,3.6,2,3.4,1,40
255_1_309272,255,309272,2025-08-29,3.39,2,10.57,fast,30.0,2,4.2,1,19
255_2_103606,255,103606,2025-04-22,1.56,0,6.39,slow,3.0,1,2.8,0,0
255_3_309269,255,309269,2025-08-01,4.17,1,9.46,fast,30.0,1,3.7,1,38
257_0_173082,257,173082,2025-03-22,0.08,1,11.31,fast,22.0,1,4.0,1,5
257_1_309099,257,309099,2025-04-01,5.1,1,9.46,fast,30.0,1,2.9,1,33
257_2_173082,257,173082,2025-06-26,0.08,0,11.31,fast,22.0,1,2.1,0,0
257_3_309267,257,309267,2025-03-12,5.36,0,11.83,superfast,60.0,1,2.3,0,0
258_0_307035,258,307035,2025-06-27,12.5,0,11.02,superfast,60.0,1,1.8,0,0
258_1_306980,258,306980,2025-05-25,4.96,0,15.69,superfast,60.0,1,2.1,0,0
258_2_306980,258,306980,2025-07-03,4.96,0,15.69,superfast,60.0,1,2.3,0,0
258_3_307106,258,307106,2025-03-21,5.28,1,9.52,fast,30.0,1,3.8,1,8
259_0_309271,259,309271,2025-05-05,10.44,2,9.0,fast,30.0,4,2.3,1,35
259_1_309320,259,309320,2025-07-11,11.62,1,10.2,fast,30.0,2,3.2,1,19
259_2_309295,259,309295,2025-09-05,10.96,1,12.04,fast,30.0,2,3.3,1,28
259_3_103746,259,103746,2025-07-04,10.58,0,7.82,slow,3.6,2,1.7,0,0
260_0_311285,260,311285,2025-05-01,8.93,0,9.33,slow,7.2,1,1.5,0,0
260_1_195398,260,195398,2025-07-23,4.25,0,11.54,fast,22.0,1,1.8,0,0
260_2_195398,260,195398,2025-07-24,4.25,1,11.54,fast,22.0,1,3.2,1,41
260_3_195400,260,195400,2025-08-14,30.21,3,10.84,superfast,50.0,3,2.9,1,24
261_0_300745,261,300745,2025-08-22,5.8,0,12.85,fast,30.0,1,1.5,0,0
261_1_300744,261,300744,2025-08-27,5.8,0,10.12,superfast,60.0,1,2.3,0,0
261_2_311680,261,311680,2025-05-15,8.86,1,10.62,fast,30.0,1,1.9,1,18
261_3_297901,261,297901,2025-05-27,27.99,0,7.47,slow,2.5,1,1.0,0,0
262_0_306981,262,306981,2025-07-10,3.12,0,7.17,slow,15.0,1,1.9,0,0
262_1_306798,262,306798,2025-05-29,9.81,1,8.61,fast,22.0,1,3.0,1,19
262_2_306801,262,306801,2025-05-03,6.47,0,11.04,fast,30.0,1,2.1,0,0
262_3_307035,262,307035,2025-08-06,7.11,1,11.02,superfast,60.0,1,2.7,1,27
263_0_308757,263,308757,2025-07-13,7.18,0,11.02,superfast,60.0,1,1.8,0,0
263_1_309270,263,309270,2025-06-19,8.56,1,11.06,fast,24.0,1,2.7,1,22
263_2_308757,263,308757,2025-06-30,7.18,1,11.02,superfast,60.0,1,2.7,1,44
263_3_308806,263,308806,2025-05-29,8.49,0,11.42,fast,24.0,1,1.0,0,0
264_0_298738,264,298738,2025-07-01,34.32,1,6.4,slow,7.0,1,1.8,1,7
264_1_92772,264,92772,2025-04-14,28.19,1,9.12,slow,7.0,1,1.9,1,40
264_2_307102,264,307102,2025-05-30,37.18,1,13.58,superfast,120.0,1,2.3,1,44
264_3_92772,264,92772,2025-07-20,28.19,0,9.12,slow,7.0,1,1.0,0,0
265_0_300745,265,300745,2025-03-15,12.34,1,12.85,fast,30.0,1,3.6,1,25
265_1_300745,265,300745,2025-03-12,12.34,1,12.85,fast,30.0,1,2.7,1,25
265_2_311285,265,311285,2025-07-28,15.28,0,9.33,slow,7.2,1,1.6,0,0
265_3_301385,265,301385,2025-08-09,11.81,0,8.91,fast,30.0,1,1.6,0,0
267_0_103614,267,103614,2025-08-26,6.48,0,6.56,slow,3.0,1,1.6,0,0
267_1_309319,267,309319,2025-03-20,5.65,0,10.96,fast,25.0,1,2.1,0,0
267_2_309189,267,309189,2025-05-24,7.07,0,11.55,superfast,60.0,2,1.8,0,0
267_3_103613,267,103613,2025-07-07,6.17,0,7.98,slow,3.0,1,2.9,0,0
268_0_309267,268,309267,2025-05-16,5.2,1,11.83,superfast,60.0,1,2.8,1,6
268_1_308809,268,308809,2025-06-20,0.69,0,8.61,fast,24.0,2,2.1,0,0
268_2_103746,268,103746,2025-03-14,5.86,2,7.82,slow,3.6,2,4.3,1,40
268_3_309319,268,309319,2025-07-07,6.55,1,10.96,fast,25.0,1,2.8,1,12
269_0_308043,269,308043,2025-03-18,4.1,1,14.78,superfast,60.0,1,3.2,1,19
269_1_308043,269,308043,2025-07-12,4.1,1,14.78,superfast,60.0,1,3.5,1,19
269_2_308043,269,308043,2025-05-11,4.1,1,14.78,superfast,60.0,1,2.9,1,19
269_3_308043,269,308043,2025-06-01,4.1,1,14.78,superfast,60.0,1,3.6,1,19
270_0_307033,270,307033,2025-06-30,13.57,0,10.39,superfast,60.0,1,1.3,0,0
270_1_312046,270,312046,2025-07-02,8.28,1,11.83,superfast,60.0,1,2.7,1,28
270_2_306985,270,306985,2025-08-09,5.73,0,7.16,slow,15.0,1,1.7,0,0
270_3_307106,270,307106,2025-04-30,6.04,1,9.52,fast,30.0,1,3.0,1,8
271_0_309272,271,309272,2025-07-01,4.1,0,10.57,fast,30.0,2,2.4,0,0
271_1_309099,271,309099,2025-04-23,3.02,1,9.46,fast,30.0,1,3.4,1,33
271_2_309268,271,309268,2025-07-28,2.75,1,13.15,superfast,90.0,1,3.9,1,10
271_3_308803,271,308803,2025-06-22,2.38,1,8.17,fast,22.0,1,3.4,1,11
272_0_309273,272,309273,2025-05-24,9.93,1,10.28,superfast,60.0,1,2.9,1,18
272_1_309271,272,309271,2025-03-29,9.24,4,9.0,fast,30.0,4,3.6,1,35
272_2_308804,272,308804,2025-05-12,7.84,0,8.43,slow,7.0,1,2.4,0,0
272_3_309098,272,309098,2025-07-20,10.14,1,14.71,superfast,60.0,1,2.9,1,18
273_0_306804,273,306804,2025-08-27,13.17,0,10.2,fast,30.0,1,1.4,0,0
273_1_306980,273,306980,2025-05-16,8.18,0,15.69,superfast,60.0,1,1.0,0,0
273_2_307107,273,307107,2025-05-06,13.14,1,8.49,fast,30.0,1,2.3,1,30
273_3_306937,273,306937,2025-08-18,6.25,1,8.17,fast,25.0,1,3.5,1,29
274_0_306804,274,306804,2025-09-02,8.75,0,10.2,fast,30.0,1,1.3,0,0
274_1_303178,274,303178,2025-07-29,2.71,1,6.73,slow,7.0,1,4.0,1,44
274_2_306951,274,306951,2025-06-16,8.06,1,10.28,superfast,60.0,1,3.1,1,12
274_3_306797,274,306797,2025-08-05,12.71,0,9.86,slow,7.0,1,1.2,0,0
276_0_307028,276,307028,2025-06-02,15.19,0,12.97,superfast,120.0,1,1.5,0,0
276_1_306767,276,306767,2025-06-27,9.75,0,8.45,slow,15.0,1,1.6,0,0
276_2_306950,276,306950,2025-05-13,7.18,0,13.09,superfast,60.0,1,2.1,0,0
276_3_307107,276,307107,2025-04-04,3.64,0,8.49,fast,30.0,1,2.6,0,0
277_0_195399,277,195399,2025-06-02,10.19,0,9.52,fast,25.0,1,1.4,0,0
277_1_195401,277,195401,2025-07-30,14.31,0,9.46,fast,24.0,1,1.6,0,0
277_2_195399,277,195399,2025-03-25,10.19,1,9.52,fast,25.0,1,3.5,1,29
277_3_311680,277,311680,2025-06-27,21.69,1,10.62,fast,30.0,1,1.9,1,18
278_0_307102,278,307102,2025-04-03,2.87,1,13.58,superfast,120.0,1,3.7,1,44
278_1_201254,278,201254,2025-03-24,37.32,1,7.84,slow,3.0,1,2.4,1,26
278_2_190068,278,190068,2025-08-16,6.44,0,7.78,slow,7.0,1,1.9,0,0
278_3_92772,278,92772,2025-04-19,11.47,0,9.12,slow,7.0,1,1.1,0,0
279_0_306951,279,306951,2025-08-29,5.27,0,10.28,superfast,60.0,1,2.5,0,0
279_1_306969,279,306969,2025-08-04,5.87,0,9.64,slow,7.0,1,2.0,0,0
279_2_306801,279,306801,2025-05-10,4.88,0,11.04,fast,30.0,1,1.5,0,0
279_3_307033,279,307033,2025-07-02,5.28,1,10.39,superfast,60.0,1,3.7,1,44
280_0_173082,280,173082,2025-05-14,12.96,1,11.31,fast,22.0,1,2.5,1,5
280_1_103606,280,103606,2025-05-01,8.69,0,6.39,slow,3.0,1,1.8,0,0
280_2_309267,280,309267,2025-08-09,10.35,1,11.83,superfast,60.0,1,2.8,1,6
280_3_309267,280,309267,2025-03-15,10.35,1,11.83,superfast,60.0,1,2.4,1,6
281_0_307102,281,307102,2025-05-30,7.93,0,13.58,superfast,120.0,1,1.6,0,0
281_1_307102,281,307102,2025-04-17,7.93,1,13.58,superfast,120.0,1,3.6,1,44
281_2_92772,281,92772,2025-07-26,8.56,1,9.12,slow,7.0,1,2.3,1,40
281_3_92772,281,92772,2025-03-25,8.56,0,9.12,slow,7.0,1,1.0,0,0
282_0_309320,282,309320,2025-08-12,5.69,0,10.2,fast,30.0,2,2.2,0,0
282_1_309293,282,309293,2025-07-04,0.55,0,10.39,superfast,60.0,1,2.5,0,0
282_2_309294,282,309294,2025-06-09,0.69,1,12.74,fast,30.0,2,4.5,1,20
282_3_308806,282,308806,2025-04-11,1.79,0,11.42,fast,24.0,1,2.2,0,0
283_0_195401,283,195401,2025-07-25,18.07,1,9.46,fast,24.0,1,2.9,1,32
283_1_301153,283,301153,2025-04-29,17.81,1,11.06,fast,30.0,1,2.6,1,6
283_2_195400,283,195400,2025-07-23,11.75,1,10.84,superfast,50.0,3,2.0,1,24
283_3_297901,283,297901,2025-03-24,36.18,1,7.47,slow,2.5,1,2.5,1,11
284_0_306986,284,306986,2025-05-15,5.47,1,9.14,slow,15.0,1,3.4,1,40
284_1_306982,284,306982,2025-05-25,6.49,0,6.56,slow,15.0,1,3.3,0,0
284_2_307028,284,307028,2025-05-27,4.87,0,12.97,superfast,120.0,1,1.2,0,0
284_3_195339,284,195339,2025-07-31,7.36,1,8.37,slow,3.0,2,4.1,1,19
285_0_309270,285,309270,2025-05-09,3.12,1,11.06,fast,24.0,1,3.0,1,22
285_1_308809,285,308809,2025-09-06,5.06,2,8.61,fast,24.0,2,3.1,1,5
285_2_103613,285,103613,2025-04-13,2.71,1,7.98,slow,3.0,1,3.5,1,29
285_3_309295,285,309295,2025-06-05,0.92,0,12.04,fast,30.0,2,2.8,0,0
288_0_309293,288,309293,2025-05-27,1.81,0,10.39,superfast,60.0,1,2.9,0,0
288_1_103614,288,103614,2025-05-26,2.92,1,6.56,slow,3.0,1,4.4,1,30
288_2_103613,288,103613,2025-03-13,5.08,1,7.98,slow,3.0,1,3.5,1,29
288_3_309272,288,309272,2025-05-21,1.98,1,10.57,fast,30.0,2,4.0,1,19
290_0_306937,290,306937,2025-03-17,0.44,1,8.17,fast,25.0,1,3.9,1,29
290_1_306937,290,306937,2025-04-23,0.44,1,8.17,fast,25.0,1,3.8,1,29
290_2_307107,290,307107,2025-05-02,8.52,1,8.49,fast,30.0,1,2.2,1,30
290_3_306804,290,306804,2025-08-02,8.46,0,10.2,fast,30.0,1,2.0,0,0
291_0_195399,291,195399,2025-03-22,10.22,1,9.52,fast,25.0,1,2.9,1,29
291_1_195398,291,195398,2025-08-22,5.51,0,11.54,fast,22.0,1,2.4,0,0
291_2_195398,291,195398,2025-08-09,5.51,0,11.54,fast,22.0,1,2.1,0,0
291_3_195397,291,195397,2025-08-17,5.19,0,11.01,fast,25.0,1,2.4,0,0
292_0_301545,292,301545,2025-04-18,7.33,0,9.06,fast,30.0,1,2.4,0,0
292_1_301545,292,301545,2025-06-22,7.33,1,9.06,fast,30.0,1,3.2,1,43
292_2_301545,292,301545,2025-08-05,7.33,0,9.06,fast,30.0,1,2.9,0,0
292_3_195400,292,195400,2025-08-21,28.11,2,10.84,superfast,50.0,3,2.8,1,24
293_0_306982,293,306982,2025-05-10,5.49,0,6.56,slow,15.0,1,3.0,0,0
293_1_307034,293,307034,2025-06-11,18.21,0,11.55,superfast,60.0,1,2.0,0,0
293_2_306984,293,306984,2025-04-16,5.52,1,7.73,slow,15.0,1,3.2,1,10
293_3_306767,293,306767,2025-08-31,5.47,1,8.45,slow,15.0,1,2.8,1,33
294_0_103616,294,103616,2025-08-22,3.13,1,9.64,slow,3.0,1,3.2,1,13
294_1_103606,294,103606,2025-03-20,5.16,1,6.39,slow,3.0,1,3.6,1,29
294_2_309098,294,309098,2025-08-06,5.26,0,14.71,superfast,60.0,1,1.0,0,0
294_3_308806,294,308806,2025-04-23,4.46,1,11.42,fast,24.0,1,3.3,1,33
295_0_306980,295,306980,2025-03-25,8.77,0,15.69,superfast,60.0,1,1.0,0,0
295_1_306797,295,306797,2025-05-29,4.1,1,9.86,slow,7.0,1,3.3,1,20
295_2_307028,295,307028,2025-03-16,9.07,0,12.97,superfast,120.0,1,2.0,0,0
295_3_306980,295,306980,2025-07-23,8.77,0,15.69,superfast,60.0,1,1.4,0,0
296_0_309296,296,309296,2025-07-10,14.18,2,11.83,superfast,60.0,2,2.6,1,30
296_1_308804,296,308804,2025-03-27,11.45,1,8.43,slow,7.0,1,2.4,1,27
296_2_309097,296,309097,2025-08-14,11.47,0,12.59,superfast,60.0,1,2.1,0,0
296_3_103746,296,103746,2025-05-14,11.75,1,7.82,slow,3.6,2,3.0,1,40
297_0_309270,297,309270,2025-08-01,3.71,1,11.06,fast,24.0,1,2.1,1,22
297_1_309268,297,309268,2025-05-24,4.04,1,13.15,superfast,90.0,1,3.1,1,10
297_2_309097,297,309097,2025-07-16,4.36,1,12.59,superfast,60.0,1,3.5,1,8
297_3_309294,297,309294,2025-06-12,1.51,2,12.74,fast,30.0,2,4.4,1,20
298_0_309099,298,309099,2025-04-01,3.06,0,9.46,fast,30.0,1,2.5,0,0
298_1_308804,298,308804,2025-04-06,1.82,1,8.43,slow,7.0,1,3.5,1,27
298_2_309267,298,309267,2025-08-23,3.06,1,11.83,superfast,60.0,1,3.6,1,6
298_3_309293,298,309293,2025-06-09,5.58,0,10.39,superfast,60.0,1,2.1,0,0
300_0_308804,300,308804,2025-05-07,9.64,1,8.43,slow,7.0,1,2.9,1,27
300_1_103614,300,103614,2025-07-19,7.55,1,6.56,slow,3.0,1,3.5,1,30
300_2_308757,300,308757,2025-04-23,9.95,0,11.02,superfast,60.0,1,1.7,0,0
300_3_103614,300,103614,2025-03-24,7.55,1,6.56,slow,3.0,1,2.9,1,30
